Sender_account,Date,daily_total,daily_count,previous_day_total,change_from_previous_day,alert_type,behavioural_flag
1000200981,2022-12-11,4258.73,1,NULL,NULL,"BEHAVIOURAL CHANGE",NORMAL
1001154860,2022-11-23,5843.34,1,NULL,NULL,"BEHAVIOURAL CHANGE",NORMAL
1008340236,2022-10-07,4896.77,2,NULL,NULL,"BEHAVIOURAL CHANGE",NORMAL
1009483043,2022-10-07,3720.32,1,NULL,NULL,"BEHAVIOURAL CHANGE",NORMAL
1010150965,2022-11-22,6124.51,1,NULL,NULL,"BEHAVIOURAL CHANGE",NORMAL
1015091738,2022-10-07,4534.20,1,NULL,NULL,"BEHAVIOURAL CHANGE",NORMAL
1015594108,2022-11-30,5851.97,1,NULL,NULL,"BEHAVIOURAL CHANGE",NORMAL
1021972,2022-10-31,7988.53,1,NULL,NULL,"BEHAVIOURAL CHANGE",NORMAL
1021972,2022-12-04,20821.23,1,7988.53,12832.70,"BEHAVIOURAL CHANGE",HIGH
1025527300,2022-10-07,11232.99,1,NULL,NULL,"BEHAVIOURAL CHANGE",NORMAL
1030676446,2022-10-07,11017.78,1,NULL,NULL,"BEHAVIOURAL CHANGE",NORMAL
1030692910,2022-10-07,47306.32,1,NULL,NULL,"BEHAVIOURAL CHANGE",NORMAL
1041875273,2022-10-07,551.16,1,NULL,NULL,"BEHAVIOURAL CHANGE",NORMAL
1043391543,2022-10-07,288.01,1,NULL,NULL,"BEHAVIOURAL CHANGE",NORMAL
1048480600,2022-10-07,19568.05,1,NULL,NULL,"BEHAVIOURAL CHANGE",NORMAL
1048749723,2022-10-07,6084.07,1,NULL,NULL,"BEHAVIOURAL CHANGE",NORMAL
1049218260,2022-10-07,11062.10,1,NULL,NULL,"BEHAVIOURAL CHANGE",NORMAL
105185176,2022-10-07,6996.78,1,NULL,NULL,"BEHAVIOURAL CHANGE",NORMAL
1052526649,2022-10-07,2261.42,1,NULL,NULL,"BEHAVIOURAL CHANGE",NORMAL
1054167985,2022-10-07,9684.43,1,NULL,NULL,"BEHAVIOURAL CHANGE",NORMAL
1060260852,2022-10-07,3620.65,1,NULL,NULL,"BEHAVIOURAL CHANGE",NORMAL
1062641900,2022-11-11,4148.37,1,NULL,NULL,"BEHAVIOURAL CHANGE",NORMAL
1067704948,2022-10-28,11258.94,1,NULL,NULL,"BEHAVIOURAL CHANGE",NORMAL
1074336451,2022-10-07,2299.29,1,NULL,NULL,"BEHAVIOURAL CHANGE",NORMAL
1074859180,2022-10-07,69403.49,4,NULL,NULL,"BEHAVIOURAL CHANGE",NORMAL
1075923045,2022-10-07,2958.27,1,NULL,NULL,"BEHAVIOURAL CHANGE",NORMAL
1076202815,2022-10-13,7750.24,1,NULL,NULL,"BEHAVIOURAL CHANGE",NORMAL
1078784207,2022-10-07,8608.92,1,NULL,NULL,"BEHAVIOURAL CHANGE",NORMAL
1083806619,2022-10-07,423.21,1,NULL,NULL,"BEHAVIOURAL CHANGE",NORMAL
1083896690,2022-11-05,40575.80,1,NULL,NULL,"BEHAVIOURAL CHANGE",NORMAL
1087195568,2022-10-07,52.81,1,NULL,NULL,"BEHAVIOURAL CHANGE",NORMAL
1092702536,2022-10-07,38862.45,2,NULL,NULL,"BEHAVIOURAL CHANGE",NORMAL
1093908497,2022-10-07,3466.26,1,NULL,NULL,"BEHAVIOURAL CHANGE",NORMAL
109525315,2022-10-07,77813.31,2,NULL,NULL,"BEHAVIOURAL CHANGE",NORMAL
1099653962,2022-11-20,4299.15,1,NULL,NULL,"BEHAVIOURAL CHANGE",NORMAL
1102444547,2022-12-10,4720.37,1,NULL,NULL,"BEHAVIOURAL CHANGE",NORMAL
1104637724,2022-10-07,1490.10,1,NULL,NULL,"BEHAVIOURAL CHANGE",NORMAL
1108824956,2022-10-07,3188.32,1,NULL,NULL,"BEHAVIOURAL CHANGE",NORMAL
1111368692,2022-11-13,4805.38,1,NULL,NULL,"BEHAVIOURAL CHANGE",NORMAL
1119631775,2022-10-07,19365.46,1,NULL,NULL,"BEHAVIOURAL CHANGE",NORMAL
1125567105,2022-10-07,78.72,1,NULL,NULL,"BEHAVIOURAL CHANGE",NORMAL
1126197668,2022-10-07,1063.77,1,NULL,NULL,"BEHAVIOURAL CHANGE",NORMAL
1127850226,2022-10-07,1549.22,1,NULL,NULL,"BEHAVIOURAL CHANGE",NORMAL
1128073435,2022-10-07,2260.22,1,NULL,NULL,"BEHAVIOURAL CHANGE",NORMAL
1132272920,2022-12-01,25699.30,1,NULL,NULL,"BEHAVIOURAL CHANGE",NORMAL
1132467225,2022-12-12,2554.20,1,NULL,NULL,"BEHAVIOURAL CHANGE",NORMAL
1137597187,2022-10-07,26513.17,1,NULL,NULL,"BEHAVIOURAL CHANGE",NORMAL
1137771716,2022-10-07,18.92,1,NULL,NULL,"BEHAVIOURAL CHANGE",NORMAL
1139132462,2022-10-07,10753.03,1,NULL,NULL,"BEHAVIOURAL CHANGE",NORMAL
1140797403,2022-10-07,858.34,1,NULL,NULL,"BEHAVIOURAL CHANGE",NORMAL
1144157295,2022-10-07,8062.41,1,NULL,NULL,"BEHAVIOURAL CHANGE",NORMAL
1144527098,2022-10-07,1003.82,1,NULL,NULL,"BEHAVIOURAL CHANGE",NORMAL
1147093613,2022-11-14,2850.79,1,NULL,NULL,"BEHAVIOURAL CHANGE",NORMAL
1150155424,2022-10-07,4897.93,1,NULL,NULL,"BEHAVIOURAL CHANGE",NORMAL
1151481341,2022-10-07,800.97,1,NULL,NULL,"BEHAVIOURAL CHANGE",NORMAL
115683040,2022-11-03,3973.60,1,NULL,NULL,"BEHAVIOURAL CHANGE",NORMAL
1157640068,2022-10-07,69.19,1,NULL,NULL,"BEHAVIOURAL CHANGE",NORMAL
1159461451,2022-11-05,36780.86,1,NULL,NULL,"BEHAVIOURAL CHANGE",NORMAL
1160754375,2022-11-14,17460.98,1,NULL,NULL,"BEHAVIOURAL CHANGE",NORMAL
1162683951,2022-10-07,11588.67,1,NULL,NULL,"BEHAVIOURAL CHANGE",NORMAL
1164020053,2022-10-07,4569.51,1,NULL,NULL,"BEHAVIOURAL CHANGE",NORMAL
1168258535,2022-10-13,3142.62,1,NULL,NULL,"BEHAVIOURAL CHANGE",NORMAL
1168600456,2022-10-07,1101.99,1,NULL,NULL,"BEHAVIOURAL CHANGE",NORMAL
1171771003,2022-11-11,5294.05,1,NULL,NULL,"BEHAVIOURAL CHANGE",NORMAL
1173553473,2022-11-11,4564.68,1,NULL,NULL,"BEHAVIOURAL CHANGE",NORMAL
1176466153,2022-12-15,2402.83,1,NULL,NULL,"BEHAVIOURAL CHANGE",NORMAL
1180835223,2022-12-14,4445.65,1,NULL,NULL,"BEHAVIOURAL CHANGE",NORMAL
1182528804,2022-10-07,24968.66,2,NULL,NULL,"BEHAVIOURAL CHANGE",NORMAL
1184607529,2022-11-09,9237.57,1,NULL,NULL,"BEHAVIOURAL CHANGE",NORMAL
1184607529,2022-11-12,8412.82,1,9237.57,-824.75,"BEHAVIOURAL CHANGE",NORMAL
1186960160,2022-12-10,3602.35,1,NULL,NULL,"BEHAVIOURAL CHANGE",NORMAL
119224597,2022-10-07,8653.21,1,NULL,NULL,"BEHAVIOURAL CHANGE",NORMAL
1194906351,2022-10-07,137.45,1,NULL,NULL,"BEHAVIOURAL CHANGE",NORMAL
1203252958,2022-10-07,5298.59,2,NULL,NULL,"BEHAVIOURAL CHANGE",NORMAL
1207494413,2022-10-07,4800.53,1,NULL,NULL,"BEHAVIOURAL CHANGE",NORMAL
1207494413,2022-11-19,5424.17,1,4800.53,623.64,"BEHAVIOURAL CHANGE",NORMAL
1207494413,2022-11-23,21396.67,2,5424.17,15972.50,"BEHAVIOURAL CHANGE",CRITICAL
1207494413,2022-11-24,9769.24,1,21396.67,-11627.43,"BEHAVIOURAL CHANGE",NORMAL
120902347,2022-10-09,3747.94,1,NULL,NULL,"BEHAVIOURAL CHANGE",NORMAL
1209741468,2022-10-20,4704.84,1,NULL,NULL,"BEHAVIOURAL CHANGE",NORMAL
1218186942,2022-10-07,1143.36,1,NULL,NULL,"BEHAVIOURAL CHANGE",NORMAL
1218240484,2022-10-07,147.61,1,NULL,NULL,"BEHAVIOURAL CHANGE",NORMAL
1220646142,2022-10-07,23327.38,3,NULL,NULL,"BEHAVIOURAL CHANGE",NORMAL
1224012174,2022-10-07,1381.34,1,NULL,NULL,"BEHAVIOURAL CHANGE",NORMAL
1224339032,2022-10-07,2652.61,1,NULL,NULL,"BEHAVIOURAL CHANGE",NORMAL
1225080541,2022-10-07,12554.48,1,NULL,NULL,"BEHAVIOURAL CHANGE",NORMAL
1226327777,2022-10-07,1104.67,1,NULL,NULL,"BEHAVIOURAL CHANGE",NORMAL
1226944129,2022-10-07,26613.91,2,NULL,NULL,"BEHAVIOURAL CHANGE",NORMAL
1227954939,2022-10-07,5149.05,1,NULL,NULL,"BEHAVIOURAL CHANGE",NORMAL
1233589069,2022-11-09,3452.10,1,NULL,NULL,"BEHAVIOURAL CHANGE",NORMAL
1239830563,2022-11-08,6196.74,1,NULL,NULL,"BEHAVIOURAL CHANGE",NORMAL
1241244322,2022-11-14,4523.59,1,NULL,NULL,"BEHAVIOURAL CHANGE",NORMAL
1245737583,2022-10-07,1702.04,1,NULL,NULL,"BEHAVIOURAL CHANGE",NORMAL
1249988229,2022-12-12,7059.94,1,NULL,NULL,"BEHAVIOURAL CHANGE",NORMAL
1253215932,2022-10-07,248.62,1,NULL,NULL,"BEHAVIOURAL CHANGE",NORMAL
1253336976,2022-11-14,128.36,1,NULL,NULL,"BEHAVIOURAL CHANGE",NORMAL
1253336976,2022-11-15,103.56,1,128.36,-24.80,"BEHAVIOURAL CHANGE",NORMAL
1253336976,2022-11-16,203.14,1,103.56,99.58,"BEHAVIOURAL CHANGE",NORMAL
1253336976,2022-11-17,143.39,2,203.14,-59.75,"BEHAVIOURAL CHANGE",NORMAL
1253336976,2022-11-18,586.32,2,143.39,442.93,"BEHAVIOURAL CHANGE",CRITICAL
1253336976,2022-11-19,130.47,1,586.32,-455.85,"BEHAVIOURAL CHANGE",NORMAL
1261815001,2022-10-07,175632.26,1,NULL,NULL,"BEHAVIOURAL CHANGE",NORMAL
1265983749,2022-10-07,3798.54,2,NULL,NULL,"BEHAVIOURAL CHANGE",NORMAL
1269968046,2022-10-07,4383.33,1,NULL,NULL,"BEHAVIOURAL CHANGE",NORMAL
127154492,2022-10-07,5048.04,1,NULL,NULL,"BEHAVIOURAL CHANGE",NORMAL
1274645528,2022-10-07,9844.27,1,NULL,NULL,"BEHAVIOURAL CHANGE",NORMAL
1278425401,2022-11-21,4402.06,1,NULL,NULL,"BEHAVIOURAL CHANGE",NORMAL
1283259754,2022-10-07,2184.66,1,NULL,NULL,"BEHAVIOURAL CHANGE",NORMAL
128336607,2022-10-07,9544.33,1,NULL,NULL,"BEHAVIOURAL CHANGE",NORMAL
1285588849,2022-11-09,6378.33,1,NULL,NULL,"BEHAVIOURAL CHANGE",NORMAL
1290703625,2022-10-07,7205.61,1,NULL,NULL,"BEHAVIOURAL CHANGE",NORMAL
1291265097,2022-10-08,4273.93,1,NULL,NULL,"BEHAVIOURAL CHANGE",NORMAL
1294695860,2022-10-07,5795.55,1,NULL,NULL,"BEHAVIOURAL CHANGE",NORMAL
1300794618,2022-10-07,7803.02,1,NULL,NULL,"BEHAVIOURAL CHANGE",NORMAL
1304411851,2022-10-07,42055.97,4,NULL,NULL,"BEHAVIOURAL CHANGE",NORMAL
130653303,2022-10-07,9404.35,1,NULL,NULL,"BEHAVIOURAL CHANGE",NORMAL
1311086092,2022-10-07,2905.21,1,NULL,NULL,"BEHAVIOURAL CHANGE",NORMAL
1313283747,2022-10-07,3807.06,1,NULL,NULL,"BEHAVIOURAL CHANGE",NORMAL
1319704443,2022-10-07,536.23,1,NULL,NULL,"BEHAVIOURAL CHANGE",NORMAL
1332443097,2022-10-07,241.64,1,NULL,NULL,"BEHAVIOURAL CHANGE",NORMAL
1339917371,2022-11-18,5473.28,1,NULL,NULL,"BEHAVIOURAL CHANGE",NORMAL
1340109383,2022-10-07,222.89,1,NULL,NULL,"BEHAVIOURAL CHANGE",NORMAL
1343121729,2022-10-07,17107.06,2,NULL,NULL,"BEHAVIOURAL CHANGE",NORMAL
1351502592,2022-10-19,4616.55,1,NULL,NULL,"BEHAVIOURAL CHANGE",NORMAL
13527377,2022-10-07,2488.91,1,NULL,NULL,"BEHAVIOURAL CHANGE",NORMAL
1358482520,2022-10-07,7869.67,1,NULL,NULL,"BEHAVIOURAL CHANGE",NORMAL
1363208571,2022-10-07,12328.22,1,NULL,NULL,"BEHAVIOURAL CHANGE",NORMAL
1364111403,2022-10-17,7485.08,1,NULL,NULL,"BEHAVIOURAL CHANGE",NORMAL
1365245330,2022-10-16,3093.64,1,NULL,NULL,"BEHAVIOURAL CHANGE",NORMAL
1367481057,2022-10-07,1460.82,1,NULL,NULL,"BEHAVIOURAL CHANGE",NORMAL
1368491162,2022-10-07,2264.23,1,NULL,NULL,"BEHAVIOURAL CHANGE",NORMAL
1369330563,2022-10-07,54.46,1,NULL,NULL,"BEHAVIOURAL CHANGE",NORMAL
1374242794,2022-10-07,9141.73,1,NULL,NULL,"BEHAVIOURAL CHANGE",NORMAL
1376796548,2022-10-07,16182.11,2,NULL,NULL,"BEHAVIOURAL CHANGE",NORMAL
1378784400,2022-10-07,173553.65,24,NULL,NULL,"BEHAVIOURAL CHANGE",NORMAL
138146654,2022-10-07,1022.26,1,NULL,NULL,"BEHAVIOURAL CHANGE",NORMAL
1382495057,2022-10-07,33973.78,1,NULL,NULL,"BEHAVIOURAL CHANGE",NORMAL
1382513766,2022-10-07,25765.38,3,NULL,NULL,"BEHAVIOURAL CHANGE",NORMAL
1386801348,2022-10-07,11432.36,1,NULL,NULL,"BEHAVIOURAL CHANGE",NORMAL
1388172926,2022-10-07,1465.18,1,NULL,NULL,"BEHAVIOURAL CHANGE",NORMAL
1391897700,2022-10-07,3919.76,1,NULL,NULL,"BEHAVIOURAL CHANGE",NORMAL
1397358796,2022-10-07,2533.12,1,NULL,NULL,"BEHAVIOURAL CHANGE",NORMAL
1399204216,2022-10-07,1313.64,1,NULL,NULL,"BEHAVIOURAL CHANGE",NORMAL
1402296413,2022-12-01,14552.69,2,NULL,NULL,"BEHAVIOURAL CHANGE",NORMAL
1402296413,2022-12-02,7838.57,1,14552.69,-6714.12,"BEHAVIOURAL CHANGE",NORMAL
1402296413,2022-12-11,23115.04,1,7838.57,15276.47,"BEHAVIOURAL CHANGE",HIGH
1402296413,2022-12-13,15920.73,1,23115.04,-7194.31,"BEHAVIOURAL CHANGE",NORMAL
1404601227,2022-10-07,2640.24,1,NULL,NULL,"BEHAVIOURAL CHANGE",NORMAL
1405792399,2022-10-07,33318.56,2,NULL,NULL,"BEHAVIOURAL CHANGE",NORMAL
1408017543,2022-10-07,27221.11,2,NULL,NULL,"BEHAVIOURAL CHANGE",NORMAL
1409881402,2022-11-14,4209.80,1,NULL,NULL,"BEHAVIOURAL CHANGE",NORMAL
1411365155,2022-10-07,4476.60,1,NULL,NULL,"BEHAVIOURAL CHANGE",NORMAL
1416418992,2022-10-22,8541.04,1,NULL,NULL,"BEHAVIOURAL CHANGE",NORMAL
1416418992,2022-11-02,2767.89,1,8541.04,-5773.15,"BEHAVIOURAL CHANGE",NORMAL
1416418992,2022-12-04,12837.95,1,2767.89,10070.06,"BEHAVIOURAL CHANGE",CRITICAL
1419661241,2022-10-07,15622.36,1,NULL,NULL,"BEHAVIOURAL CHANGE",NORMAL
142007788,2022-10-08,4559.64,1,NULL,NULL,"BEHAVIOURAL CHANGE",NORMAL
1422566926,2022-10-07,1347.06,1,NULL,NULL,"BEHAVIOURAL CHANGE",NORMAL
1422891634,2022-10-11,3919.79,1,NULL,NULL,"BEHAVIOURAL CHANGE",NORMAL
1423078109,2022-10-18,12390.16,1,NULL,NULL,"BEHAVIOURAL CHANGE",NORMAL
1423145503,2022-10-07,135.76,1,NULL,NULL,"BEHAVIOURAL CHANGE",NORMAL
1424693007,2022-10-21,22741.44,2,NULL,NULL,"BEHAVIOURAL CHANGE",NORMAL
1424693007,2022-10-24,3972.24,1,22741.44,-18769.20,"BEHAVIOURAL CHANGE",NORMAL
1424693007,2022-10-26,6517.83,1,3972.24,2545.59,"BEHAVIOURAL CHANGE",NORMAL
1424693007,2022-10-27,11235.13,1,6517.83,4717.30,"BEHAVIOURAL CHANGE",NORMAL
1424693007,2022-10-29,5849.04,1,11235.13,-5386.09,"BEHAVIOURAL CHANGE",NORMAL
1429354049,2022-10-07,284.79,1,NULL,NULL,"BEHAVIOURAL CHANGE",NORMAL
1432278808,2022-10-07,2524.61,1,NULL,NULL,"BEHAVIOURAL CHANGE",NORMAL
1435792489,2022-10-07,1391.45,1,NULL,NULL,"BEHAVIOURAL CHANGE",NORMAL
144148532,2022-10-07,11689.93,1,NULL,NULL,"BEHAVIOURAL CHANGE",NORMAL
1441864356,2022-11-19,3506.50,1,NULL,NULL,"BEHAVIOURAL CHANGE",NORMAL
1444168211,2022-10-07,7374.16,1,NULL,NULL,"BEHAVIOURAL CHANGE",NORMAL
1445991735,2022-10-07,33322.12,1,NULL,NULL,"BEHAVIOURAL CHANGE",NORMAL
1446197879,2022-10-07,2980.75,1,NULL,NULL,"BEHAVIOURAL CHANGE",NORMAL
1448960940,2022-10-07,4502.75,1,NULL,NULL,"BEHAVIOURAL CHANGE",NORMAL
1450041481,2022-11-17,3471.44,1,NULL,NULL,"BEHAVIOURAL CHANGE",NORMAL
1450097940,2022-11-16,9055.02,1,NULL,NULL,"BEHAVIOURAL CHANGE",NORMAL
14539122,2022-10-07,6155.14,1,NULL,NULL,"BEHAVIOURAL CHANGE",NORMAL
1457356634,2022-10-13,4219.37,1,NULL,NULL,"BEHAVIOURAL CHANGE",NORMAL
1464968036,2022-10-13,8258.75,1,NULL,NULL,"BEHAVIOURAL CHANGE",NORMAL
1470504995,2022-10-07,1190.30,1,NULL,NULL,"BEHAVIOURAL CHANGE",NORMAL
1487922912,2022-12-04,4298.88,1,NULL,NULL,"BEHAVIOURAL CHANGE",NORMAL
1488905925,2022-11-16,6124.91,1,NULL,NULL,"BEHAVIOURAL CHANGE",NORMAL
149017192,2022-10-07,827.78,1,NULL,NULL,"BEHAVIOURAL CHANGE",NORMAL
1490260385,2022-10-07,22282.69,3,NULL,NULL,"BEHAVIOURAL CHANGE",NORMAL
1491989064,2022-10-07,129899.85,12,NULL,NULL,"BEHAVIOURAL CHANGE",NORMAL
1497614989,2022-10-07,3713.43,1,NULL,NULL,"BEHAVIOURAL CHANGE",NORMAL
1498828609,2022-10-07,875.38,1,NULL,NULL,"BEHAVIOURAL CHANGE",NORMAL
149919846,2022-10-07,4297.71,1,NULL,NULL,"BEHAVIOURAL CHANGE",NORMAL
149944640,2022-10-13,89904.53,1,NULL,NULL,"BEHAVIOURAL CHANGE",NORMAL
149944640,2022-11-02,720220.33,1,89904.53,630315.80,"BEHAVIOURAL CHANGE",CRITICAL
1509134836,2022-11-09,2735.15,1,NULL,NULL,"BEHAVIOURAL CHANGE",NORMAL
1509536110,2022-10-07,225.23,1,NULL,NULL,"BEHAVIOURAL CHANGE",NORMAL
151158173,2022-10-07,21440.21,1,NULL,NULL,"BEHAVIOURAL CHANGE",NORMAL
151323243,2022-10-07,2952.25,1,NULL,NULL,"BEHAVIOURAL CHANGE",NORMAL
1517021923,2022-11-26,7095.51,1,NULL,NULL,"BEHAVIOURAL CHANGE",NORMAL
1517051598,2022-10-07,1527.58,1,NULL,NULL,"BEHAVIOURAL CHANGE",NORMAL
151970486,2022-10-07,8467.25,1,NULL,NULL,"BEHAVIOURAL CHANGE",NORMAL
1522882325,2022-10-07,1652.92,1,NULL,NULL,"BEHAVIOURAL CHANGE",NORMAL
1526403963,2022-10-07,7730.88,1,NULL,NULL,"BEHAVIOURAL CHANGE",NORMAL
1528959749,2022-10-07,5520.63,1,NULL,NULL,"BEHAVIOURAL CHANGE",NORMAL
1532196553,2022-10-07,521.80,1,NULL,NULL,"BEHAVIOURAL CHANGE",NORMAL
1534642148,2022-11-29,11837365.32,1,NULL,NULL,"BEHAVIOURAL CHANGE",NORMAL
1536940484,2022-10-07,4353.56,1,NULL,NULL,"BEHAVIOURAL CHANGE",NORMAL
1538302188,2022-10-07,3504.13,1,NULL,NULL,"BEHAVIOURAL CHANGE",NORMAL
1540165261,2022-12-10,4443.05,1,NULL,NULL,"BEHAVIOURAL CHANGE",NORMAL
1541722856,2022-10-07,2570.90,1,NULL,NULL,"BEHAVIOURAL CHANGE",NORMAL
154398482,2022-10-07,10059.55,2,NULL,NULL,"BEHAVIOURAL CHANGE",NORMAL
1544723191,2022-11-19,5458.65,1,NULL,NULL,"BEHAVIOURAL CHANGE",NORMAL
1547109628,2022-10-07,232.40,1,NULL,NULL,"BEHAVIOURAL CHANGE",NORMAL
1551228889,2022-10-07,5897.23,1,NULL,NULL,"BEHAVIOURAL CHANGE",NORMAL
1552291084,2022-10-07,6131.07,1,NULL,NULL,"BEHAVIOURAL CHANGE",NORMAL
1552291084,2022-11-05,3442.90,1,6131.07,-2688.17,"BEHAVIOURAL CHANGE",NORMAL
1556161476,2022-10-07,1524.31,1,NULL,NULL,"BEHAVIOURAL CHANGE",NORMAL
1558124827,2022-10-07,2120.52,2,NULL,NULL,"BEHAVIOURAL CHANGE",NORMAL
156152202,2022-10-07,63.52,1,NULL,NULL,"BEHAVIOURAL CHANGE",NORMAL
1567454737,2022-10-07,5916.68,1,NULL,NULL,"BEHAVIOURAL CHANGE",NORMAL
1572292180,2022-12-15,4250.98,1,NULL,NULL,"BEHAVIOURAL CHANGE",NORMAL
1572456307,2022-10-07,13993.13,1,NULL,NULL,"BEHAVIOURAL CHANGE",NORMAL
1584271198,2022-10-07,618.05,1,NULL,NULL,"BEHAVIOURAL CHANGE",NORMAL
1584692715,2022-10-17,4284.98,1,NULL,NULL,"BEHAVIOURAL CHANGE",NORMAL
1585295966,2022-12-13,4223.40,1,NULL,NULL,"BEHAVIOURAL CHANGE",NORMAL
1587046893,2022-10-07,9146.27,1,NULL,NULL,"BEHAVIOURAL CHANGE",NORMAL
1591240989,2022-10-07,2597.94,1,NULL,NULL,"BEHAVIOURAL CHANGE",NORMAL
1600149721,2022-11-01,69.67,1,NULL,NULL,"BEHAVIOURAL CHANGE",NORMAL
1600149721,2022-11-02,142.70,1,69.67,73.03,"BEHAVIOURAL CHANGE",HIGH
1600149721,2022-11-03,177.49,1,142.70,34.79,"BEHAVIOURAL CHANGE",NORMAL
1600149721,2022-11-04,346.20,2,177.49,168.71,"BEHAVIOURAL CHANGE",NORMAL
1600149721,2022-11-05,283.03,1,346.20,-63.17,"BEHAVIOURAL CHANGE",NORMAL
1600149721,2022-11-06,210.50,1,283.03,-72.53,"BEHAVIOURAL CHANGE",NORMAL
1600149721,2022-11-07,274.30,2,210.50,63.80,"BEHAVIOURAL CHANGE",NORMAL
1601920823,2022-10-07,2482.76,1,NULL,NULL,"BEHAVIOURAL CHANGE",NORMAL
1604485677,2022-10-07,8714.38,1,NULL,NULL,"BEHAVIOURAL CHANGE",NORMAL
1613060776,2022-10-07,7525.98,1,NULL,NULL,"BEHAVIOURAL CHANGE",NORMAL
161356780,2022-10-07,276.79,1,NULL,NULL,"BEHAVIOURAL CHANGE",NORMAL
1630883469,2022-10-07,22598.60,2,NULL,NULL,"BEHAVIOURAL CHANGE",NORMAL
163626909,2022-11-14,5881.36,1,NULL,NULL,"BEHAVIOURAL CHANGE",NORMAL
1637506314,2022-12-13,2900.39,1,NULL,NULL,"BEHAVIOURAL CHANGE",NORMAL
1638295908,2022-10-07,1398.66,1,NULL,NULL,"BEHAVIOURAL CHANGE",NORMAL
1642448421,2022-10-07,286.58,1,NULL,NULL,"BEHAVIOURAL CHANGE",NORMAL
1645558162,2022-10-07,11000.56,1,NULL,NULL,"BEHAVIOURAL CHANGE",NORMAL
1651824870,2022-10-07,1773.36,1,NULL,NULL,"BEHAVIOURAL CHANGE",NORMAL
1652103580,2022-10-21,6653.11,1,NULL,NULL,"BEHAVIOURAL CHANGE",NORMAL
1653688545,2022-11-22,18118.14,1,NULL,NULL,"BEHAVIOURAL CHANGE",NORMAL
1655245537,2022-10-07,3544.21,1,NULL,NULL,"BEHAVIOURAL CHANGE",NORMAL
1657379341,2022-11-15,4555.86,1,NULL,NULL,"BEHAVIOURAL CHANGE",NORMAL
166015829,2022-10-07,4648.26,2,NULL,NULL,"BEHAVIOURAL CHANGE",NORMAL
1661874371,2022-10-07,1515.43,1,NULL,NULL,"BEHAVIOURAL CHANGE",NORMAL
1661948571,2022-10-29,145797.39,1,NULL,NULL,"BEHAVIOURAL CHANGE",NORMAL
166274508,2022-10-07,548.86,1,NULL,NULL,"BEHAVIOURAL CHANGE",NORMAL
1666621360,2022-11-07,5651.04,1,NULL,NULL,"BEHAVIOURAL CHANGE",NORMAL
1667716246,2022-10-07,8257.82,1,NULL,NULL,"BEHAVIOURAL CHANGE",NORMAL
16683594,2022-10-07,380.29,1,NULL,NULL,"BEHAVIOURAL CHANGE",NORMAL
1669265788,2022-12-05,4687.80,1,NULL,NULL,"BEHAVIOURAL CHANGE",NORMAL
1670041415,2022-11-30,10935.04,1,NULL,NULL,"BEHAVIOURAL CHANGE",NORMAL
1670948762,2022-10-07,35159.29,2,NULL,NULL,"BEHAVIOURAL CHANGE",NORMAL
1675743409,2022-12-06,4738.87,1,NULL,NULL,"BEHAVIOURAL CHANGE",NORMAL
1681811645,2022-10-12,61062.76,1,NULL,NULL,"BEHAVIOURAL CHANGE",NORMAL
1682971748,2022-10-07,21409.95,1,NULL,NULL,"BEHAVIOURAL CHANGE",NORMAL
1690402085,2022-10-07,1402.83,1,NULL,NULL,"BEHAVIOURAL CHANGE",NORMAL
1691652384,2022-10-07,109847.33,1,NULL,NULL,"BEHAVIOURAL CHANGE",NORMAL
1697970931,2022-11-21,6214.99,1,NULL,NULL,"BEHAVIOURAL CHANGE",NORMAL
1697970931,2022-11-29,7351.21,1,6214.99,1136.22,"BEHAVIOURAL CHANGE",NORMAL
1701080414,2022-10-07,767.22,1,NULL,NULL,"BEHAVIOURAL CHANGE",NORMAL
1706196950,2022-10-07,14634.07,3,NULL,NULL,"BEHAVIOURAL CHANGE",NORMAL
1710329832,2022-10-07,10525.00,2,NULL,NULL,"BEHAVIOURAL CHANGE",NORMAL
1713426884,2022-10-07,3041.58,1,NULL,NULL,"BEHAVIOURAL CHANGE",NORMAL
1716006167,2022-10-07,4512.89,2,NULL,NULL,"BEHAVIOURAL CHANGE",NORMAL
1719139977,2022-11-21,12998.87,1,NULL,NULL,"BEHAVIOURAL CHANGE",NORMAL
1724782685,2022-10-07,807.03,1,NULL,NULL,"BEHAVIOURAL CHANGE",NORMAL
1725504867,2022-10-24,2462.71,1,NULL,NULL,"BEHAVIOURAL CHANGE",NORMAL
1730350525,2022-10-07,21618.39,3,NULL,NULL,"BEHAVIOURAL CHANGE",NORMAL
1738940565,2022-10-07,21084.00,1,NULL,NULL,"BEHAVIOURAL CHANGE",NORMAL
1740588255,2022-11-20,3587.00,1,NULL,NULL,"BEHAVIOURAL CHANGE",NORMAL
1749781869,2022-10-07,19358.85,1,NULL,NULL,"BEHAVIOURAL CHANGE",NORMAL
1751907169,2022-11-13,3601.53,1,NULL,NULL,"BEHAVIOURAL CHANGE",NORMAL
1754308893,2022-10-07,2681.07,1,NULL,NULL,"BEHAVIOURAL CHANGE",NORMAL
1758305731,2022-10-07,4339.10,1,NULL,NULL,"BEHAVIOURAL CHANGE",NORMAL
1763632302,2022-10-16,4774.09,1,NULL,NULL,"BEHAVIOURAL CHANGE",NORMAL
1763882389,2022-10-26,5242.35,1,NULL,NULL,"BEHAVIOURAL CHANGE",NORMAL
1763882389,2022-10-28,6505.19,1,5242.35,1262.84,"BEHAVIOURAL CHANGE",NORMAL
1763882389,2022-11-08,10774.54,1,6505.19,4269.35,"BEHAVIOURAL CHANGE",NORMAL
1769527701,2022-10-07,441.40,1,NULL,NULL,"BEHAVIOURAL CHANGE",NORMAL
1769648203,2022-12-06,5424.69,1,NULL,NULL,"BEHAVIOURAL CHANGE",NORMAL
1769648203,2022-12-08,6337.95,1,5424.69,913.26,"BEHAVIOURAL CHANGE",NORMAL
1769648203,2022-12-13,40800.99,2,6337.95,34463.04,"BEHAVIOURAL CHANGE",CRITICAL
1769787997,2022-11-16,2673.58,1,NULL,NULL,"BEHAVIOURAL CHANGE",NORMAL
1773265181,2022-10-07,158.91,1,NULL,NULL,"BEHAVIOURAL CHANGE",NORMAL
1775046511,2022-10-09,3867.03,1,NULL,NULL,"BEHAVIOURAL CHANGE",NORMAL
1776829912,2022-10-07,2330.58,1,NULL,NULL,"BEHAVIOURAL CHANGE",NORMAL
1779161997,2022-10-07,825.71,1,NULL,NULL,"BEHAVIOURAL CHANGE",NORMAL
1781823044,2022-10-07,10295.52,1,NULL,NULL,"BEHAVIOURAL CHANGE",NORMAL
1792169085,2022-11-11,3609.91,1,NULL,NULL,"BEHAVIOURAL CHANGE",NORMAL
1792169085,2022-11-27,31059.13,1,3609.91,27449.22,"BEHAVIOURAL CHANGE",CRITICAL
1796432131,2022-10-07,1669.71,2,NULL,NULL,"BEHAVIOURAL CHANGE",NORMAL
1798141400,2022-10-07,13295.96,1,NULL,NULL,"BEHAVIOURAL CHANGE",NORMAL
1802636466,2022-10-07,2538.63,1,NULL,NULL,"BEHAVIOURAL CHANGE",NORMAL
1803547457,2022-10-07,21006.04,1,NULL,NULL,"BEHAVIOURAL CHANGE",NORMAL
1805171806,2022-10-07,5931.99,1,NULL,NULL,"BEHAVIOURAL CHANGE",NORMAL
1813079910,2022-10-20,6056.61,1,NULL,NULL,"BEHAVIOURAL CHANGE",NORMAL
1813079910,2022-11-04,18935.15,1,6056.61,12878.54,"BEHAVIOURAL CHANGE",CRITICAL
1817675963,2022-10-07,28863.54,2,NULL,NULL,"BEHAVIOURAL CHANGE",NORMAL
1819824199,2022-11-11,6907.31,1,NULL,NULL,"BEHAVIOURAL CHANGE",NORMAL
182554113,2022-10-07,2876.87,1,NULL,NULL,"BEHAVIOURAL CHANGE",NORMAL
1830078831,2022-10-07,20487.18,2,NULL,NULL,"BEHAVIOURAL CHANGE",NORMAL
1832920542,2022-10-07,1348.60,1,NULL,NULL,"BEHAVIOURAL CHANGE",NORMAL
1833910002,2022-10-07,3523.43,1,NULL,NULL,"BEHAVIOURAL CHANGE",NORMAL
1834379343,2022-10-07,1624.51,1,NULL,NULL,"BEHAVIOURAL CHANGE",NORMAL
1840293182,2022-10-07,723.72,1,NULL,NULL,"BEHAVIOURAL CHANGE",NORMAL
1843365823,2022-10-07,27473.16,3,NULL,NULL,"BEHAVIOURAL CHANGE",NORMAL
1855387950,2022-12-14,10096.24,1,NULL,NULL,"BEHAVIOURAL CHANGE",NORMAL
1855785042,2022-10-07,1301.85,1,NULL,NULL,"BEHAVIOURAL CHANGE",NORMAL
1858089957,2022-10-07,125.25,1,NULL,NULL,"BEHAVIOURAL CHANGE",NORMAL
1858089957,2022-10-28,8800.33,1,125.25,8675.08,"BEHAVIOURAL CHANGE",CRITICAL
1858089957,2022-10-29,6767.96,1,8800.33,-2032.37,"BEHAVIOURAL CHANGE",NORMAL
1858089957,2022-11-01,28282.38,1,6767.96,21514.42,"BEHAVIOURAL CHANGE",CRITICAL
1860276721,2022-10-07,8165.87,1,NULL,NULL,"BEHAVIOURAL CHANGE",NORMAL
1860351715,2022-10-13,4624.05,1,NULL,NULL,"BEHAVIOURAL CHANGE",NORMAL
1861196280,2022-10-07,377.23,1,NULL,NULL,"BEHAVIOURAL CHANGE",NORMAL
1862303603,2022-10-07,5638.13,1,NULL,NULL,"BEHAVIOURAL CHANGE",NORMAL
1870550256,2022-11-13,2984.45,1,NULL,NULL,"BEHAVIOURAL CHANGE",NORMAL
1877205049,2022-10-07,4249.69,1,NULL,NULL,"BEHAVIOURAL CHANGE",NORMAL
1879634304,2022-11-29,19143.49,1,NULL,NULL,"BEHAVIOURAL CHANGE",NORMAL
1888233271,2022-10-20,6051.44,1,NULL,NULL,"BEHAVIOURAL CHANGE",NORMAL
188929394,2022-10-15,9658.21,1,NULL,NULL,"BEHAVIOURAL CHANGE",NORMAL
1890296485,2022-10-21,7084.61,1,NULL,NULL,"BEHAVIOURAL CHANGE",NORMAL
1894120327,2022-11-15,3540.03,1,NULL,NULL,"BEHAVIOURAL CHANGE",NORMAL
1900227002,2022-10-07,967.97,1,NULL,NULL,"BEHAVIOURAL CHANGE",NORMAL
1901465174,2022-12-10,6752.60,1,NULL,NULL,"BEHAVIOURAL CHANGE",NORMAL
1903200889,2022-10-07,7083.72,1,NULL,NULL,"BEHAVIOURAL CHANGE",NORMAL
190346689,2022-10-07,6457.15,1,NULL,NULL,"BEHAVIOURAL CHANGE",NORMAL
1906870112,2022-10-07,22192.64,1,NULL,NULL,"BEHAVIOURAL CHANGE",NORMAL
1908249712,2022-10-07,3978.50,1,NULL,NULL,"BEHAVIOURAL CHANGE",NORMAL
1915450576,2022-10-07,202058.03,22,NULL,NULL,"BEHAVIOURAL CHANGE",NORMAL
1921988708,2022-10-07,211.95,1,NULL,NULL,"BEHAVIOURAL CHANGE",NORMAL
1926054413,2022-11-05,4660.40,1,NULL,NULL,"BEHAVIOURAL CHANGE",NORMAL
1929116626,2022-10-07,24469.22,1,NULL,NULL,"BEHAVIOURAL CHANGE",NORMAL
1935297468,2022-10-07,305.05,1,NULL,NULL,"BEHAVIOURAL CHANGE",NORMAL
1937509788,2022-10-07,29109.99,3,NULL,NULL,"BEHAVIOURAL CHANGE",NORMAL
1953954268,2022-10-07,5494.69,1,NULL,NULL,"BEHAVIOURAL CHANGE",NORMAL
195640366,2022-10-27,16543.59,1,NULL,NULL,"BEHAVIOURAL CHANGE",NORMAL
1958294737,2022-10-07,7676.37,1,NULL,NULL,"BEHAVIOURAL CHANGE",NORMAL
1964713406,2022-10-07,228.57,1,NULL,NULL,"BEHAVIOURAL CHANGE",NORMAL
1965297304,2022-10-07,1852.88,1,NULL,NULL,"BEHAVIOURAL CHANGE",NORMAL
1968816394,2022-10-16,4210.88,1,NULL,NULL,"BEHAVIOURAL CHANGE",NORMAL
1976727841,2022-10-07,11266.24,1,NULL,NULL,"BEHAVIOURAL CHANGE",NORMAL
1977915508,2022-10-07,16360.96,1,NULL,NULL,"BEHAVIOURAL CHANGE",NORMAL
1982710669,2022-10-07,7121.93,1,NULL,NULL,"BEHAVIOURAL CHANGE",NORMAL
198403508,2022-10-07,9117.34,2,NULL,NULL,"BEHAVIOURAL CHANGE",NORMAL
1988222610,2022-10-07,4079.56,2,NULL,NULL,"BEHAVIOURAL CHANGE",NORMAL
1992087353,2022-11-19,2964.92,1,NULL,NULL,"BEHAVIOURAL CHANGE",NORMAL
1992777224,2022-10-07,2191.66,1,NULL,NULL,"BEHAVIOURAL CHANGE",NORMAL
1995805675,2022-10-07,63.21,1,NULL,NULL,"BEHAVIOURAL CHANGE",NORMAL
1996285523,2022-10-07,15925.23,1,NULL,NULL,"BEHAVIOURAL CHANGE",NORMAL
1998445733,2022-10-07,897.19,1,NULL,NULL,"BEHAVIOURAL CHANGE",NORMAL
1999169946,2022-10-07,718.79,1,NULL,NULL,"BEHAVIOURAL CHANGE",NORMAL
1999169946,2022-11-14,2836.66,1,718.79,2117.87,"BEHAVIOURAL CHANGE",CRITICAL
2002482587,2022-10-07,10915.73,1,NULL,NULL,"BEHAVIOURAL CHANGE",NORMAL
2004133484,2022-10-07,32307.93,4,NULL,NULL,"BEHAVIOURAL CHANGE",NORMAL
2004502234,2022-12-10,2515.19,1,NULL,NULL,"BEHAVIOURAL CHANGE",NORMAL
2005193114,2022-10-07,5721.98,1,NULL,NULL,"BEHAVIOURAL CHANGE",NORMAL
2009014329,2022-10-07,3493.89,1,NULL,NULL,"BEHAVIOURAL CHANGE",NORMAL
2012985537,2022-10-07,417.08,1,NULL,NULL,"BEHAVIOURAL CHANGE",NORMAL
2019673507,2022-11-17,2864.13,1,NULL,NULL,"BEHAVIOURAL CHANGE",NORMAL
2020708263,2022-10-07,12688.62,2,NULL,NULL,"BEHAVIOURAL CHANGE",NORMAL
2020824487,2022-10-07,3828.34,1,NULL,NULL,"BEHAVIOURAL CHANGE",NORMAL
2023911328,2022-12-04,7552.68,1,NULL,NULL,"BEHAVIOURAL CHANGE",NORMAL
2028959593,2022-10-07,9433.15,2,NULL,NULL,"BEHAVIOURAL CHANGE",NORMAL
2032861182,2022-10-07,8708.29,1,NULL,NULL,"BEHAVIOURAL CHANGE",NORMAL
2040906068,2022-10-07,37.80,1,NULL,NULL,"BEHAVIOURAL CHANGE",NORMAL
2041162165,2022-10-07,2351.15,1,NULL,NULL,"BEHAVIOURAL CHANGE",NORMAL
2041519241,2022-10-07,14972.63,1,NULL,NULL,"BEHAVIOURAL CHANGE",NORMAL
2042130994,2022-10-07,864.66,1,NULL,NULL,"BEHAVIOURAL CHANGE",NORMAL
2045644966,2022-10-07,21069.00,3,NULL,NULL,"BEHAVIOURAL CHANGE",NORMAL
2047410771,2022-10-07,24212.99,3,NULL,NULL,"BEHAVIOURAL CHANGE",NORMAL
2052847675,2022-10-07,1648.09,1,NULL,NULL,"BEHAVIOURAL CHANGE",NORMAL
2054022856,2022-10-07,22975.90,1,NULL,NULL,"BEHAVIOURAL CHANGE",NORMAL
2054223834,2022-10-07,10151.79,2,NULL,NULL,"BEHAVIOURAL CHANGE",NORMAL
2056215656,2022-10-07,2567.43,1,NULL,NULL,"BEHAVIOURAL CHANGE",NORMAL
2058693095,2022-10-07,1367.57,1,NULL,NULL,"BEHAVIOURAL CHANGE",NORMAL
2060128523,2022-10-29,3996.79,1,NULL,NULL,"BEHAVIOURAL CHANGE",NORMAL
2060128523,2022-12-07,2457.84,1,3996.79,-1538.95,"BEHAVIOURAL CHANGE",NORMAL
2064169340,2022-10-07,261.01,1,NULL,NULL,"BEHAVIOURAL CHANGE",NORMAL
2065685062,2022-11-09,4736.40,1,NULL,NULL,"BEHAVIOURAL CHANGE",NORMAL
2072269456,2022-10-07,2776.85,1,NULL,NULL,"BEHAVIOURAL CHANGE",NORMAL
2075545195,2022-10-27,6053.92,1,NULL,NULL,"BEHAVIOURAL CHANGE",NORMAL
2075545195,2022-10-28,16051.52,1,6053.92,9997.60,"BEHAVIOURAL CHANGE",HIGH
2077316155,2022-10-07,1850.31,1,NULL,NULL,"BEHAVIOURAL CHANGE",NORMAL
207936746,2022-10-10,161021.82,1,NULL,NULL,"BEHAVIOURAL CHANGE",NORMAL
207936746,2022-11-11,378657.57,1,161021.82,217635.75,"BEHAVIOURAL CHANGE",HIGH
207936746,2022-11-12,186244.93,1,378657.57,-192412.64,"BEHAVIOURAL CHANGE",NORMAL
207936746,2022-11-13,972607.27,1,186244.93,786362.34,"BEHAVIOURAL CHANGE",CRITICAL
208056103,2022-11-19,142.50,1,NULL,NULL,"BEHAVIOURAL CHANGE",NORMAL
208056103,2022-11-20,157.93,1,142.50,15.43,"BEHAVIOURAL CHANGE",NORMAL
208056103,2022-11-21,208.29,1,157.93,50.36,"BEHAVIOURAL CHANGE",NORMAL
208056103,2022-11-22,37.24,1,208.29,-171.05,"BEHAVIOURAL CHANGE",NORMAL
208056103,2022-11-23,227.94,1,37.24,190.70,"BEHAVIOURAL CHANGE",CRITICAL
2081479084,2022-10-18,4765.10,1,NULL,NULL,"BEHAVIOURAL CHANGE",NORMAL
2084733860,2022-10-07,716.46,1,NULL,NULL,"BEHAVIOURAL CHANGE",NORMAL
2090244022,2022-10-10,17792.18,2,NULL,NULL,"BEHAVIOURAL CHANGE",NORMAL
2090244022,2022-10-11,11652.71,1,17792.18,-6139.47,"BEHAVIOURAL CHANGE",NORMAL
2090244022,2022-10-13,21098.62,2,11652.71,9445.91,"BEHAVIOURAL CHANGE",NORMAL
2095405293,2022-10-07,1043.23,1,NULL,NULL,"BEHAVIOURAL CHANGE",NORMAL
2101877453,2022-10-07,10456.69,1,NULL,NULL,"BEHAVIOURAL CHANGE",NORMAL
2104849384,2022-10-07,101.93,1,NULL,NULL,"BEHAVIOURAL CHANGE",NORMAL
2118817860,2022-10-07,2081.47,1,NULL,NULL,"BEHAVIOURAL CHANGE",NORMAL
2126868617,2022-10-07,7394.15,1,NULL,NULL,"BEHAVIOURAL CHANGE",NORMAL
2131820112,2022-10-07,199.60,1,NULL,NULL,"BEHAVIOURAL CHANGE",NORMAL
2133070589,2022-10-07,14021.47,1,NULL,NULL,"BEHAVIOURAL CHANGE",NORMAL
2135597740,2022-10-23,17210.00,1,NULL,NULL,"BEHAVIOURAL CHANGE",NORMAL
2136084447,2022-10-07,10318.34,1,NULL,NULL,"BEHAVIOURAL CHANGE",NORMAL
2138042075,2022-10-07,146.49,1,NULL,NULL,"BEHAVIOURAL CHANGE",NORMAL
2147527699,2022-10-07,21031.69,2,NULL,NULL,"BEHAVIOURAL CHANGE",NORMAL
2148442816,2022-10-07,125.50,1,NULL,NULL,"BEHAVIOURAL CHANGE",NORMAL
2149901234,2022-11-30,4692191.66,1,NULL,NULL,"BEHAVIOURAL CHANGE",NORMAL
2154311031,2022-11-20,17311.02,2,NULL,NULL,"BEHAVIOURAL CHANGE",NORMAL
2154311031,2022-11-21,8266.82,1,17311.02,-9044.20,"BEHAVIOURAL CHANGE",NORMAL
2154311031,2022-11-22,9891.63,1,8266.82,1624.81,"BEHAVIOURAL CHANGE",NORMAL
2154311031,2022-11-23,3872.49,1,9891.63,-6019.14,"BEHAVIOURAL CHANGE",NORMAL
215465344,2022-10-07,4544.48,1,NULL,NULL,"BEHAVIOURAL CHANGE",NORMAL
2155777605,2022-10-07,7214.79,1,NULL,NULL,"BEHAVIOURAL CHANGE",NORMAL
2158196009,2022-10-07,1942.78,1,NULL,NULL,"BEHAVIOURAL CHANGE",NORMAL
2161928970,2022-10-18,4337.60,1,NULL,NULL,"BEHAVIOURAL CHANGE",NORMAL
2163495423,2022-10-07,3454.45,1,NULL,NULL,"BEHAVIOURAL CHANGE",NORMAL
2164762018,2022-10-07,11238.31,1,NULL,NULL,"BEHAVIOURAL CHANGE",NORMAL
2166563883,2022-10-19,2150.35,1,NULL,NULL,"BEHAVIOURAL CHANGE",NORMAL
2166563883,2022-12-10,6043.32,1,2150.35,3892.97,"BEHAVIOURAL CHANGE",HIGH
2170161481,2022-10-07,6124.16,1,NULL,NULL,"BEHAVIOURAL CHANGE",NORMAL
217239763,2022-10-07,4412.78,1,NULL,NULL,"BEHAVIOURAL CHANGE",NORMAL
2173103945,2022-10-07,5395.33,1,NULL,NULL,"BEHAVIOURAL CHANGE",NORMAL
2173728682,2022-12-12,6673.76,1,NULL,NULL,"BEHAVIOURAL CHANGE",NORMAL
2173814957,2022-10-07,2771.48,1,NULL,NULL,"BEHAVIOURAL CHANGE",NORMAL
2176135093,2022-10-18,3837.67,1,NULL,NULL,"BEHAVIOURAL CHANGE",NORMAL
2177044140,2022-10-07,7474.58,1,NULL,NULL,"BEHAVIOURAL CHANGE",NORMAL
2179044177,2022-12-10,51894.40,1,NULL,NULL,"BEHAVIOURAL CHANGE",NORMAL
218429315,2022-10-27,7674.77,1,NULL,NULL,"BEHAVIOURAL CHANGE",NORMAL
2185766681,2022-11-05,31.17,1,NULL,NULL,"BEHAVIOURAL CHANGE",NORMAL
2185766681,2022-11-07,108.03,1,31.17,76.86,"BEHAVIOURAL CHANGE",CRITICAL
2185766681,2022-11-09,202.29,1,108.03,94.26,"BEHAVIOURAL CHANGE",NORMAL
2185766681,2022-11-11,165.29,1,202.29,-37.00,"BEHAVIOURAL CHANGE",NORMAL
2188890133,2022-10-07,17786.25,2,NULL,NULL,"BEHAVIOURAL CHANGE",NORMAL
2192295697,2022-10-07,3329.06,1,NULL,NULL,"BEHAVIOURAL CHANGE",NORMAL
2194097010,2022-10-20,11250.65,1,NULL,NULL,"BEHAVIOURAL CHANGE",NORMAL
2196677893,2022-10-07,34274.10,3,NULL,NULL,"BEHAVIOURAL CHANGE",NORMAL
2199795388,2022-10-07,47474.70,5,NULL,NULL,"BEHAVIOURAL CHANGE",NORMAL
2201489060,2022-10-07,1725.41,1,NULL,NULL,"BEHAVIOURAL CHANGE",NORMAL
2202591253,2022-11-16,10434.61,1,NULL,NULL,"BEHAVIOURAL CHANGE",NORMAL
2206902878,2022-10-07,19681.81,2,NULL,NULL,"BEHAVIOURAL CHANGE",NORMAL
2214157994,2022-10-07,3797.02,1,NULL,NULL,"BEHAVIOURAL CHANGE",NORMAL
2215405780,2022-10-07,12145.86,1,NULL,NULL,"BEHAVIOURAL CHANGE",NORMAL
222127079,2022-10-07,15586.71,2,NULL,NULL,"BEHAVIOURAL CHANGE",NORMAL
2225924818,2022-10-07,7642.78,1,NULL,NULL,"BEHAVIOURAL CHANGE",NORMAL
2238431194,2022-11-22,26810.54,1,NULL,NULL,"BEHAVIOURAL CHANGE",NORMAL
2239567616,2022-10-28,5538.72,1,NULL,NULL,"BEHAVIOURAL CHANGE",NORMAL
2241044938,2022-10-07,3592.54,2,NULL,NULL,"BEHAVIOURAL CHANGE",NORMAL
2242627172,2022-10-07,373.49,1,NULL,NULL,"BEHAVIOURAL CHANGE",NORMAL
2247370907,2022-12-05,168.46,2,NULL,NULL,"BEHAVIOURAL CHANGE",NORMAL
2247370907,2022-12-06,594.93,2,168.46,426.47,"BEHAVIOURAL CHANGE",CRITICAL
2247370907,2022-12-07,319.31,2,594.93,-275.62,"BEHAVIOURAL CHANGE",NORMAL
2247370907,2022-12-08,223.32,2,319.31,-95.99,"BEHAVIOURAL CHANGE",NORMAL
2247370907,2022-12-09,318.13,2,223.32,94.81,"BEHAVIOURAL CHANGE",NORMAL
2248717437,2022-10-07,7059.83,1,NULL,NULL,"BEHAVIOURAL CHANGE",NORMAL
224895015,2022-10-07,12919.42,1,NULL,NULL,"BEHAVIOURAL CHANGE",NORMAL
2249715759,2022-10-07,7530.89,1,NULL,NULL,"BEHAVIOURAL CHANGE",NORMAL
2252406159,2022-10-28,4932.28,1,NULL,NULL,"BEHAVIOURAL CHANGE",NORMAL
2252406159,2022-10-30,10071.16,1,4932.28,5138.88,"BEHAVIOURAL CHANGE",HIGH
2252406159,2022-10-31,4208.64,1,10071.16,-5862.52,"BEHAVIOURAL CHANGE",NORMAL
2252743283,2022-10-07,4382.36,1,NULL,NULL,"BEHAVIOURAL CHANGE",NORMAL
2259167854,2022-10-07,496.73,1,NULL,NULL,"BEHAVIOURAL CHANGE",NORMAL
2261720358,2022-10-07,397.87,1,NULL,NULL,"BEHAVIOURAL CHANGE",NORMAL
2263952180,2022-12-14,3955.85,1,NULL,NULL,"BEHAVIOURAL CHANGE",NORMAL
2264729898,2022-10-07,289536.71,1,NULL,NULL,"BEHAVIOURAL CHANGE",NORMAL
2266586338,2022-10-07,105.58,1,NULL,NULL,"BEHAVIOURAL CHANGE",NORMAL
2267057254,2022-10-07,4141.09,3,NULL,NULL,"BEHAVIOURAL CHANGE",NORMAL
2281394207,2022-10-17,167428.40,1,NULL,NULL,"BEHAVIOURAL CHANGE",NORMAL
2281394207,2022-11-18,79688.52,1,167428.40,-87739.88,"BEHAVIOURAL CHANGE",NORMAL
2281960924,2022-11-13,9465.95,1,NULL,NULL,"BEHAVIOURAL CHANGE",NORMAL
2283755888,2022-10-07,6508.48,1,NULL,NULL,"BEHAVIOURAL CHANGE",NORMAL
2286679717,2022-10-16,10293.69,1,NULL,NULL,"BEHAVIOURAL CHANGE",NORMAL
2286679717,2022-10-17,6211.79,1,10293.69,-4081.90,"BEHAVIOURAL CHANGE",NORMAL
2286679717,2022-10-19,6498.00,1,6211.79,286.21,"BEHAVIOURAL CHANGE",NORMAL
229007460,2022-10-07,673.61,1,NULL,NULL,"BEHAVIOURAL CHANGE",NORMAL
2293206956,2022-10-07,3418.37,1,NULL,NULL,"BEHAVIOURAL CHANGE",NORMAL
2294025022,2022-10-07,17468.86,2,NULL,NULL,"BEHAVIOURAL CHANGE",NORMAL
22941989,2022-11-17,4676.36,1,NULL,NULL,"BEHAVIOURAL CHANGE",NORMAL
2295019842,2022-10-07,225.57,1,NULL,NULL,"BEHAVIOURAL CHANGE",NORMAL
2295065694,2022-10-07,374.72,1,NULL,NULL,"BEHAVIOURAL CHANGE",NORMAL
2295495393,2022-11-15,3972.59,1,NULL,NULL,"BEHAVIOURAL CHANGE",NORMAL
2299676190,2022-10-07,11781.19,2,NULL,NULL,"BEHAVIOURAL CHANGE",NORMAL
23039938,2022-11-07,9130.59,1,NULL,NULL,"BEHAVIOURAL CHANGE",NORMAL
23039938,2022-11-25,18289.29,1,9130.59,9158.70,"BEHAVIOURAL CHANGE",HIGH
2304794217,2022-10-07,8358.50,1,NULL,NULL,"BEHAVIOURAL CHANGE",NORMAL
2305137294,2022-11-07,4676.70,1,NULL,NULL,"BEHAVIOURAL CHANGE",NORMAL
2312005653,2022-10-07,9614.29,1,NULL,NULL,"BEHAVIOURAL CHANGE",NORMAL
2312860929,2022-10-07,39761.17,1,NULL,NULL,"BEHAVIOURAL CHANGE",NORMAL
2318701432,2022-10-07,881.71,1,NULL,NULL,"BEHAVIOURAL CHANGE",NORMAL
2318934240,2022-10-07,2126.83,1,NULL,NULL,"BEHAVIOURAL CHANGE",NORMAL
2320387917,2022-10-07,34889.83,2,NULL,NULL,"BEHAVIOURAL CHANGE",NORMAL
2325150545,2022-10-07,1013.41,1,NULL,NULL,"BEHAVIOURAL CHANGE",NORMAL
2335777366,2022-10-07,1095.87,1,NULL,NULL,"BEHAVIOURAL CHANGE",NORMAL
2337289637,2022-10-13,3559.89,1,NULL,NULL,"BEHAVIOURAL CHANGE",NORMAL
2340135699,2022-12-13,6029.31,1,NULL,NULL,"BEHAVIOURAL CHANGE",NORMAL
2348039999,2022-10-07,256168.57,1,NULL,NULL,"BEHAVIOURAL CHANGE",NORMAL
2350608357,2022-10-07,2926.45,2,NULL,NULL,"BEHAVIOURAL CHANGE",NORMAL
2350628776,2022-10-07,1493.75,1,NULL,NULL,"BEHAVIOURAL CHANGE",NORMAL
2351530109,2022-10-07,3291.34,1,NULL,NULL,"BEHAVIOURAL CHANGE",NORMAL
2353737542,2022-10-07,1662.26,1,NULL,NULL,"BEHAVIOURAL CHANGE",NORMAL
2354611546,2022-11-11,8703.66,1,NULL,NULL,"BEHAVIOURAL CHANGE",NORMAL
2355147013,2022-10-07,2820.69,1,NULL,NULL,"BEHAVIOURAL CHANGE",NORMAL
2359149347,2022-10-07,15676.74,1,NULL,NULL,"BEHAVIOURAL CHANGE",NORMAL
2361741456,2022-12-15,10945.85,1,NULL,NULL,"BEHAVIOURAL CHANGE",NORMAL
2364222213,2022-10-18,6131.27,1,NULL,NULL,"BEHAVIOURAL CHANGE",NORMAL
2365007895,2022-10-07,350200.44,33,NULL,NULL,"BEHAVIOURAL CHANGE",NORMAL
2366204772,2022-10-07,3429.83,1,NULL,NULL,"BEHAVIOURAL CHANGE",NORMAL
236763209,2022-10-07,5376.92,1,NULL,NULL,"BEHAVIOURAL CHANGE",NORMAL
2369116599,2022-10-07,16378.76,1,NULL,NULL,"BEHAVIOURAL CHANGE",NORMAL
2369124408,2022-11-12,6063.20,1,NULL,NULL,"BEHAVIOURAL CHANGE",NORMAL
2369776263,2022-10-07,10511.87,1,NULL,NULL,"BEHAVIOURAL CHANGE",NORMAL
2369776263,2022-10-09,26459.34,3,10511.87,15947.47,"BEHAVIOURAL CHANGE",HIGH
2369776263,2022-10-10,17542.48,1,26459.34,-8916.86,"BEHAVIOURAL CHANGE",NORMAL
2371835371,2022-11-14,589711.34,1,NULL,NULL,"BEHAVIOURAL CHANGE",NORMAL
2375869731,2022-10-07,942.18,1,NULL,NULL,"BEHAVIOURAL CHANGE",NORMAL
237682274,2022-10-07,14294.45,2,NULL,NULL,"BEHAVIOURAL CHANGE",NORMAL
2384413935,2022-10-07,340.48,1,NULL,NULL,"BEHAVIOURAL CHANGE",NORMAL
2385101880,2022-10-07,2931.44,1,NULL,NULL,"BEHAVIOURAL CHANGE",NORMAL
2386780639,2022-10-13,6230.30,1,NULL,NULL,"BEHAVIOURAL CHANGE",NORMAL
2388713026,2022-11-20,5998.70,1,NULL,NULL,"BEHAVIOURAL CHANGE",NORMAL
2389688527,2022-10-30,4587.29,1,NULL,NULL,"BEHAVIOURAL CHANGE",NORMAL
2390385700,2022-12-12,3708.46,1,NULL,NULL,"BEHAVIOURAL CHANGE",NORMAL
2392170793,2022-10-13,6213.46,1,NULL,NULL,"BEHAVIOURAL CHANGE",NORMAL
2401232223,2022-10-07,2294.51,1,NULL,NULL,"BEHAVIOURAL CHANGE",NORMAL
2403186083,2022-10-07,3632.19,1,NULL,NULL,"BEHAVIOURAL CHANGE",NORMAL
2407184317,2022-10-07,2818.67,1,NULL,NULL,"BEHAVIOURAL CHANGE",NORMAL
2407719171,2022-10-07,500.67,1,NULL,NULL,"BEHAVIOURAL CHANGE",NORMAL
2417474563,2022-10-07,1702.65,1,NULL,NULL,"BEHAVIOURAL CHANGE",NORMAL
2420393246,2022-10-28,4103.20,1,NULL,NULL,"BEHAVIOURAL CHANGE",NORMAL
2420393246,2022-11-15,3815.86,1,4103.20,-287.34,"BEHAVIOURAL CHANGE",NORMAL
2420393246,2022-12-09,12032.88,1,3815.86,8217.02,"BEHAVIOURAL CHANGE",CRITICAL
2420393246,2022-12-14,1223.57,1,12032.88,-10809.31,"BEHAVIOURAL CHANGE",NORMAL
2420714104,2022-12-10,9672.89,1,NULL,NULL,"BEHAVIOURAL CHANGE",NORMAL
2421280041,2022-12-12,5053.15,1,NULL,NULL,"BEHAVIOURAL CHANGE",NORMAL
2422360624,2022-10-07,2407.26,1,NULL,NULL,"BEHAVIOURAL CHANGE",NORMAL
2428154426,2022-10-07,1633.21,1,NULL,NULL,"BEHAVIOURAL CHANGE",NORMAL
2433320986,2022-11-02,9286.75,1,NULL,NULL,"BEHAVIOURAL CHANGE",NORMAL
2434664247,2022-10-07,204.92,1,NULL,NULL,"BEHAVIOURAL CHANGE",NORMAL
2438139688,2022-10-07,2187.48,2,NULL,NULL,"BEHAVIOURAL CHANGE",NORMAL
2440773125,2022-10-12,7548.43,1,NULL,NULL,"BEHAVIOURAL CHANGE",NORMAL
2443617213,2022-11-19,3229.28,1,NULL,NULL,"BEHAVIOURAL CHANGE",NORMAL
2446473392,2022-10-07,500.46,1,NULL,NULL,"BEHAVIOURAL CHANGE",NORMAL
2446822729,2022-10-07,5017.46,1,NULL,NULL,"BEHAVIOURAL CHANGE",NORMAL
2447476655,2022-10-13,2177.23,1,NULL,NULL,"BEHAVIOURAL CHANGE",NORMAL
2448186727,2022-11-05,22162.35,1,NULL,NULL,"BEHAVIOURAL CHANGE",NORMAL
2448237201,2022-10-07,500.83,1,NULL,NULL,"BEHAVIOURAL CHANGE",NORMAL
244832067,2022-12-10,5424.54,1,NULL,NULL,"BEHAVIOURAL CHANGE",NORMAL
2450448709,2022-10-07,9100.19,1,NULL,NULL,"BEHAVIOURAL CHANGE",NORMAL
2457436704,2022-10-07,1968.27,1,NULL,NULL,"BEHAVIOURAL CHANGE",NORMAL
2460865543,2022-12-01,8259.69,1,NULL,NULL,"BEHAVIOURAL CHANGE",NORMAL
2460865543,2022-12-03,9456.20,1,8259.69,1196.51,"BEHAVIOURAL CHANGE",NORMAL
2465841512,2022-10-07,3480.22,1,NULL,NULL,"BEHAVIOURAL CHANGE",NORMAL
2466056232,2022-10-07,44367.09,3,NULL,NULL,"BEHAVIOURAL CHANGE",NORMAL
2470596478,2022-10-07,6569.88,2,NULL,NULL,"BEHAVIOURAL CHANGE",NORMAL
2470596478,2022-12-02,7971.89,1,6569.88,1402.01,"BEHAVIOURAL CHANGE",NORMAL
2470596478,2022-12-04,8012.83,1,7971.89,40.94,"BEHAVIOURAL CHANGE",NORMAL
2477514279,2022-10-24,14149.97,1,NULL,NULL,"BEHAVIOURAL CHANGE",NORMAL
2477514279,2022-11-25,12043.52,1,14149.97,-2106.45,"BEHAVIOURAL CHANGE",NORMAL
2477803987,2022-10-07,55652.05,1,NULL,NULL,"BEHAVIOURAL CHANGE",NORMAL
2482701161,2022-12-12,3399.15,1,NULL,NULL,"BEHAVIOURAL CHANGE",NORMAL
2482785525,2022-10-07,7481.83,1,NULL,NULL,"BEHAVIOURAL CHANGE",NORMAL
2484231014,2022-10-07,7266.37,1,NULL,NULL,"BEHAVIOURAL CHANGE",NORMAL
2497848161,2022-10-07,321.26,1,NULL,NULL,"BEHAVIOURAL CHANGE",NORMAL
2498232404,2022-10-07,6455.70,1,NULL,NULL,"BEHAVIOURAL CHANGE",NORMAL
2499203242,2022-10-07,1323.12,1,NULL,NULL,"BEHAVIOURAL CHANGE",NORMAL
2509459814,2022-11-15,4134.53,1,NULL,NULL,"BEHAVIOURAL CHANGE",NORMAL
2509831973,2022-10-07,8433.70,1,NULL,NULL,"BEHAVIOURAL CHANGE",NORMAL
2514923246,2022-10-07,15800.42,1,NULL,NULL,"BEHAVIOURAL CHANGE",NORMAL
251879181,2022-10-07,793.39,1,NULL,NULL,"BEHAVIOURAL CHANGE",NORMAL
2520061873,2022-10-09,72532.13,1,NULL,NULL,"BEHAVIOURAL CHANGE",NORMAL
2521152088,2022-12-09,14985.04,1,NULL,NULL,"BEHAVIOURAL CHANGE",NORMAL
2527100295,2022-10-07,1584.41,1,NULL,NULL,"BEHAVIOURAL CHANGE",NORMAL
2527684651,2022-10-29,3977.99,1,NULL,NULL,"BEHAVIOURAL CHANGE",NORMAL
2528352705,2022-10-09,7808.01,1,NULL,NULL,"BEHAVIOURAL CHANGE",NORMAL
2544092504,2022-10-07,11546.34,1,NULL,NULL,"BEHAVIOURAL CHANGE",NORMAL
25454716,2022-10-26,7432.11,1,NULL,NULL,"BEHAVIOURAL CHANGE",NORMAL
2548274915,2022-10-22,12922.33,1,NULL,NULL,"BEHAVIOURAL CHANGE",NORMAL
2550540287,2022-10-07,3468.06,1,NULL,NULL,"BEHAVIOURAL CHANGE",NORMAL
2550670994,2022-10-19,8848.67,1,NULL,NULL,"BEHAVIOURAL CHANGE",NORMAL
2552092407,2022-10-07,175.59,1,NULL,NULL,"BEHAVIOURAL CHANGE",NORMAL
2552379760,2022-10-07,2671.97,2,NULL,NULL,"BEHAVIOURAL CHANGE",NORMAL
2556634069,2022-12-10,3459.61,1,NULL,NULL,"BEHAVIOURAL CHANGE",NORMAL
255845645,2022-10-07,10640.09,1,NULL,NULL,"BEHAVIOURAL CHANGE",NORMAL
2561938455,2022-10-07,15073.74,1,NULL,NULL,"BEHAVIOURAL CHANGE",NORMAL
2562020395,2022-10-07,30179.76,3,NULL,NULL,"BEHAVIOURAL CHANGE",NORMAL
2563576645,2022-10-07,14041.97,1,NULL,NULL,"BEHAVIOURAL CHANGE",NORMAL
2572808199,2022-10-07,668.74,1,NULL,NULL,"BEHAVIOURAL CHANGE",NORMAL
2573051257,2022-10-07,5907.06,1,NULL,NULL,"BEHAVIOURAL CHANGE",NORMAL
25762606,2022-10-07,2880.73,1,NULL,NULL,"BEHAVIOURAL CHANGE",NORMAL
2576272240,2022-10-07,342.42,1,NULL,NULL,"BEHAVIOURAL CHANGE",NORMAL
2576623544,2022-10-07,31432.85,3,NULL,NULL,"BEHAVIOURAL CHANGE",NORMAL
2582573162,2022-10-07,194.00,1,NULL,NULL,"BEHAVIOURAL CHANGE",NORMAL
2584489906,2022-10-07,4337.45,1,NULL,NULL,"BEHAVIOURAL CHANGE",NORMAL
2584559390,2022-10-07,36635.98,2,NULL,NULL,"BEHAVIOURAL CHANGE",NORMAL
2587105294,2022-12-08,7134.44,1,NULL,NULL,"BEHAVIOURAL CHANGE",NORMAL
2588097391,2022-10-07,9079.56,1,NULL,NULL,"BEHAVIOURAL CHANGE",NORMAL
2591149052,2022-10-07,3902.28,1,NULL,NULL,"BEHAVIOURAL CHANGE",NORMAL
2595228252,2022-10-07,896.81,1,NULL,NULL,"BEHAVIOURAL CHANGE",NORMAL
2595670415,2022-10-07,15135.99,1,NULL,NULL,"BEHAVIOURAL CHANGE",NORMAL
2597738775,2022-10-07,503.83,1,NULL,NULL,"BEHAVIOURAL CHANGE",NORMAL
2601687073,2022-10-07,9088.05,1,NULL,NULL,"BEHAVIOURAL CHANGE",NORMAL
2603494478,2022-10-07,9170.73,1,NULL,NULL,"BEHAVIOURAL CHANGE",NORMAL
2609955485,2022-10-07,5931.36,1,NULL,NULL,"BEHAVIOURAL CHANGE",NORMAL
2612483529,2022-10-07,21587.98,1,NULL,NULL,"BEHAVIOURAL CHANGE",NORMAL
2621273548,2022-12-15,3548.93,1,NULL,NULL,"BEHAVIOURAL CHANGE",NORMAL
2625399659,2022-10-07,5273.63,1,NULL,NULL,"BEHAVIOURAL CHANGE",NORMAL
2626270774,2022-10-08,16429.52,1,NULL,NULL,"BEHAVIOURAL CHANGE",NORMAL
2635590075,2022-10-07,35929.84,3,NULL,NULL,"BEHAVIOURAL CHANGE",NORMAL
264095857,2022-10-07,26903.65,2,NULL,NULL,"BEHAVIOURAL CHANGE",NORMAL
2641062081,2022-10-13,3402.31,1,NULL,NULL,"BEHAVIOURAL CHANGE",NORMAL
2641062081,2022-10-14,2428.74,1,3402.31,-973.57,"BEHAVIOURAL CHANGE",NORMAL
2641062081,2022-10-18,1448.29,1,2428.74,-980.45,"BEHAVIOURAL CHANGE",NORMAL
2641062081,2022-10-19,3245.24,1,1448.29,1796.95,"BEHAVIOURAL CHANGE",HIGH
2641062081,2022-10-20,4137.29,1,3245.24,892.05,"BEHAVIOURAL CHANGE",NORMAL
2641062081,2022-10-21,6703.95,1,4137.29,2566.66,"BEHAVIOURAL CHANGE",NORMAL
2644081947,2022-10-07,2010.34,1,NULL,NULL,"BEHAVIOURAL CHANGE",NORMAL
2645692846,2022-10-07,248.16,1,NULL,NULL,"BEHAVIOURAL CHANGE",NORMAL
2647941740,2022-10-07,10789.90,1,NULL,NULL,"BEHAVIOURAL CHANGE",NORMAL
2648217197,2022-10-07,1478.61,1,NULL,NULL,"BEHAVIOURAL CHANGE",NORMAL
2649480083,2022-10-08,7754.01,1,NULL,NULL,"BEHAVIOURAL CHANGE",NORMAL
265022275,2022-12-03,65128.12,2,NULL,NULL,"BEHAVIOURAL CHANGE",NORMAL
265022275,2022-12-04,15222.50,1,65128.12,-49905.62,"BEHAVIOURAL CHANGE",NORMAL
265022275,2022-12-05,21776.31,1,15222.50,6553.81,"BEHAVIOURAL CHANGE",NORMAL
265022275,2022-12-07,8925.70,1,21776.31,-12850.61,"BEHAVIOURAL CHANGE",NORMAL
265022275,2022-12-09,28129.87,2,8925.70,19204.17,"BEHAVIOURAL CHANGE",CRITICAL
265022275,2022-12-11,5135.84,1,28129.87,-22994.03,"BEHAVIOURAL CHANGE",NORMAL
265022275,2022-12-13,41561.33,2,5135.84,36425.49,"BEHAVIOURAL CHANGE",CRITICAL
2654356017,2022-10-07,895.81,1,NULL,NULL,"BEHAVIOURAL CHANGE",NORMAL
2657142247,2022-10-07,5521.90,1,NULL,NULL,"BEHAVIOURAL CHANGE",NORMAL
2659417884,2022-10-31,15073.51,1,NULL,NULL,"BEHAVIOURAL CHANGE",NORMAL
2659454323,2022-10-07,10028.50,1,NULL,NULL,"BEHAVIOURAL CHANGE",NORMAL
2659616433,2022-10-07,19093.03,1,NULL,NULL,"BEHAVIOURAL CHANGE",NORMAL
2660276438,2022-12-12,2560.38,1,NULL,NULL,"BEHAVIOURAL CHANGE",NORMAL
266182901,2022-10-12,14301.99,1,NULL,NULL,"BEHAVIOURAL CHANGE",NORMAL
2667904128,2022-10-07,8351.66,1,NULL,NULL,"BEHAVIOURAL CHANGE",NORMAL
2672451075,2022-11-19,26000.62,1,NULL,NULL,"BEHAVIOURAL CHANGE",NORMAL
2672451075,2022-11-29,10650.63,1,26000.62,-15349.99,"BEHAVIOURAL CHANGE",NORMAL
267264610,2022-10-07,12601.47,2,NULL,NULL,"BEHAVIOURAL CHANGE",NORMAL
2674040359,2022-11-19,4662.59,1,NULL,NULL,"BEHAVIOURAL CHANGE",NORMAL
2676603542,2022-10-19,613612.43,1,NULL,NULL,"BEHAVIOURAL CHANGE",NORMAL
2679881485,2022-12-04,16008.88,1,NULL,NULL,"BEHAVIOURAL CHANGE",NORMAL
2687511294,2022-10-07,640.23,1,NULL,NULL,"BEHAVIOURAL CHANGE",NORMAL
2687903675,2022-12-04,4823.73,1,NULL,NULL,"BEHAVIOURAL CHANGE",NORMAL
2691277955,2022-11-29,5147.84,1,NULL,NULL,"BEHAVIOURAL CHANGE",NORMAL
2691277955,2022-12-04,16526.50,1,5147.84,11378.66,"BEHAVIOURAL CHANGE",CRITICAL
2691277955,2022-12-05,12500.23,2,16526.50,-4026.27,"BEHAVIOURAL CHANGE",NORMAL
2697605096,2022-10-09,20603.66,1,NULL,NULL,"BEHAVIOURAL CHANGE",NORMAL
2698592594,2022-10-07,9145.40,2,NULL,NULL,"BEHAVIOURAL CHANGE",NORMAL
270412504,2022-10-07,1430.95,1,NULL,NULL,"BEHAVIOURAL CHANGE",NORMAL
2711608236,2022-10-07,979.89,1,NULL,NULL,"BEHAVIOURAL CHANGE",NORMAL
2722337392,2022-10-07,2452.25,1,NULL,NULL,"BEHAVIOURAL CHANGE",NORMAL
2724243020,2022-10-07,4943.45,1,NULL,NULL,"BEHAVIOURAL CHANGE",NORMAL
273040338,2022-10-07,2352.67,1,NULL,NULL,"BEHAVIOURAL CHANGE",NORMAL
2731219454,2022-10-07,148.26,1,NULL,NULL,"BEHAVIOURAL CHANGE",NORMAL
2736512144,2022-10-07,10569.50,1,NULL,NULL,"BEHAVIOURAL CHANGE",NORMAL
2737194318,2022-10-09,7636.06,1,NULL,NULL,"BEHAVIOURAL CHANGE",NORMAL
2740260267,2022-10-07,2747.96,1,NULL,NULL,"BEHAVIOURAL CHANGE",NORMAL
2749124400,2022-10-16,8587.87,1,NULL,NULL,"BEHAVIOURAL CHANGE",NORMAL
2749172169,2022-10-19,3049.97,1,NULL,NULL,"BEHAVIOURAL CHANGE",NORMAL
2749285893,2022-10-07,475.54,1,NULL,NULL,"BEHAVIOURAL CHANGE",NORMAL
2752671696,2022-10-07,477.72,1,NULL,NULL,"BEHAVIOURAL CHANGE",NORMAL
2758469152,2022-10-07,7832.41,1,NULL,NULL,"BEHAVIOURAL CHANGE",NORMAL
2760955571,2022-11-14,5891.65,1,NULL,NULL,"BEHAVIOURAL CHANGE",NORMAL
2762694319,2022-10-07,260.28,1,NULL,NULL,"BEHAVIOURAL CHANGE",NORMAL
2766513361,2022-10-07,438.40,1,NULL,NULL,"BEHAVIOURAL CHANGE",NORMAL
27721201,2022-10-07,3459.89,1,NULL,NULL,"BEHAVIOURAL CHANGE",NORMAL
2773938334,2022-10-07,533.97,1,NULL,NULL,"BEHAVIOURAL CHANGE",NORMAL
2774232996,2022-10-30,63808.39,1,NULL,NULL,"BEHAVIOURAL CHANGE",NORMAL
2777193404,2022-10-07,2038.52,1,NULL,NULL,"BEHAVIOURAL CHANGE",NORMAL
2783073273,2022-10-11,4205.83,1,NULL,NULL,"BEHAVIOURAL CHANGE",NORMAL
2783631302,2022-10-07,1789.73,1,NULL,NULL,"BEHAVIOURAL CHANGE",NORMAL
2790083909,2022-10-07,1219.92,1,NULL,NULL,"BEHAVIOURAL CHANGE",NORMAL
2790502538,2022-10-07,4137.12,1,NULL,NULL,"BEHAVIOURAL CHANGE",NORMAL
279188028,2022-12-08,6266.05,1,NULL,NULL,"BEHAVIOURAL CHANGE",NORMAL
2793197858,2022-10-23,14726.19,1,NULL,NULL,"BEHAVIOURAL CHANGE",NORMAL
2793197858,2022-10-24,6095.70,1,14726.19,-8630.49,"BEHAVIOURAL CHANGE",NORMAL
2793197858,2022-10-25,27434.36,1,6095.70,21338.66,"BEHAVIOURAL CHANGE",CRITICAL
2793197858,2022-10-26,10350.43,1,27434.36,-17083.93,"BEHAVIOURAL CHANGE",NORMAL
2793197858,2022-10-29,6419.03,1,10350.43,-3931.40,"BEHAVIOURAL CHANGE",NORMAL
2793197858,2022-10-30,6493.51,2,6419.03,74.48,"BEHAVIOURAL CHANGE",NORMAL
2793918649,2022-10-07,12206.81,1,NULL,NULL,"BEHAVIOURAL CHANGE",NORMAL
2797271466,2022-10-07,297636.26,35,NULL,NULL,"BEHAVIOURAL CHANGE",NORMAL
2797998245,2022-10-07,154.10,1,NULL,NULL,"BEHAVIOURAL CHANGE",NORMAL
2804810123,2022-11-25,8394.93,1,NULL,NULL,"BEHAVIOURAL CHANGE",NORMAL
2806625410,2022-10-07,8190.20,1,NULL,NULL,"BEHAVIOURAL CHANGE",NORMAL
2806740273,2022-10-07,17548.07,1,NULL,NULL,"BEHAVIOURAL CHANGE",NORMAL
2815753333,2022-10-07,652.56,1,NULL,NULL,"BEHAVIOURAL CHANGE",NORMAL
281610578,2022-12-15,14565.41,1,NULL,NULL,"BEHAVIOURAL CHANGE",NORMAL
2818523910,2022-11-17,75683.50,1,NULL,NULL,"BEHAVIOURAL CHANGE",NORMAL
2820805407,2022-11-03,169.91,1,NULL,NULL,"BEHAVIOURAL CHANGE",NORMAL
2820805407,2022-11-04,135.16,1,169.91,-34.75,"BEHAVIOURAL CHANGE",NORMAL
2820805407,2022-11-05,464.60,2,135.16,329.44,"BEHAVIOURAL CHANGE",CRITICAL
2820805407,2022-11-06,146.70,1,464.60,-317.90,"BEHAVIOURAL CHANGE",NORMAL
2820805407,2022-11-07,328.03,2,146.70,181.33,"BEHAVIOURAL CHANGE",HIGH
2824945595,2022-10-16,7472.29,1,NULL,NULL,"BEHAVIOURAL CHANGE",NORMAL
2824945595,2022-11-26,7864.41,1,7472.29,392.12,"BEHAVIOURAL CHANGE",NORMAL
2826317502,2022-10-07,9734.62,2,NULL,NULL,"BEHAVIOURAL CHANGE",NORMAL
2828131246,2022-10-07,753.59,1,NULL,NULL,"BEHAVIOURAL CHANGE",NORMAL
2828854769,2022-10-07,4284.90,1,NULL,NULL,"BEHAVIOURAL CHANGE",NORMAL
2831014523,2022-10-07,60840.88,1,NULL,NULL,"BEHAVIOURAL CHANGE",NORMAL
283212952,2022-10-07,9071.89,1,NULL,NULL,"BEHAVIOURAL CHANGE",NORMAL
2832385272,2022-10-07,9139.94,1,NULL,NULL,"BEHAVIOURAL CHANGE",NORMAL
283280424,2022-10-07,2938.74,1,NULL,NULL,"BEHAVIOURAL CHANGE",NORMAL
2835477095,2022-10-14,8945.09,1,NULL,NULL,"BEHAVIOURAL CHANGE",NORMAL
2836869610,2022-10-07,1041.61,1,NULL,NULL,"BEHAVIOURAL CHANGE",NORMAL
2843630248,2022-11-03,3815.75,1,NULL,NULL,"BEHAVIOURAL CHANGE",NORMAL
2845318236,2022-10-07,4504.67,1,NULL,NULL,"BEHAVIOURAL CHANGE",NORMAL
2849622641,2022-11-15,52.69,1,NULL,NULL,"BEHAVIOURAL CHANGE",NORMAL
2849622641,2022-11-16,119.13,1,52.69,66.44,"BEHAVIOURAL CHANGE",HIGH
2849622641,2022-11-17,86.46,1,119.13,-32.67,"BEHAVIOURAL CHANGE",NORMAL
2849622641,2022-11-18,93.67,1,86.46,7.21,"BEHAVIOURAL CHANGE",NORMAL
2849622641,2022-11-19,106.08,1,93.67,12.41,"BEHAVIOURAL CHANGE",NORMAL
2849906948,2022-10-07,3002.20,1,NULL,NULL,"BEHAVIOURAL CHANGE",NORMAL
2852936829,2022-10-07,3535.52,1,NULL,NULL,"BEHAVIOURAL CHANGE",NORMAL
285552105,2022-10-12,9921.49,1,NULL,NULL,"BEHAVIOURAL CHANGE",NORMAL
2858247091,2022-10-07,571.89,1,NULL,NULL,"BEHAVIOURAL CHANGE",NORMAL
2864879256,2022-12-12,93.33,1,NULL,NULL,"BEHAVIOURAL CHANGE",NORMAL
2864879256,2022-12-13,67.60,1,93.33,-25.73,"BEHAVIOURAL CHANGE",NORMAL
2864879256,2022-12-14,275.42,1,67.60,207.82,"BEHAVIOURAL CHANGE",CRITICAL
2865033012,2022-10-07,15738.73,3,NULL,NULL,"BEHAVIOURAL CHANGE",NORMAL
2865517114,2022-10-07,127.23,1,NULL,NULL,"BEHAVIOURAL CHANGE",NORMAL
2869675648,2022-10-07,2187.11,1,NULL,NULL,"BEHAVIOURAL CHANGE",NORMAL
2870115230,2022-10-07,1635.84,1,NULL,NULL,"BEHAVIOURAL CHANGE",NORMAL
287305149,2022-10-07,14328.44,1,NULL,NULL,"BEHAVIOURAL CHANGE",NORMAL
2875874575,2022-10-11,2824.06,1,NULL,NULL,"BEHAVIOURAL CHANGE",NORMAL
2876703970,2022-11-15,3064.21,1,NULL,NULL,"BEHAVIOURAL CHANGE",NORMAL
2881514469,2022-10-07,265.26,1,NULL,NULL,"BEHAVIOURAL CHANGE",NORMAL
288448161,2022-12-14,5195.42,1,NULL,NULL,"BEHAVIOURAL CHANGE",NORMAL
2889112657,2022-10-07,562.86,1,NULL,NULL,"BEHAVIOURAL CHANGE",NORMAL
2889112657,2022-11-06,3497.93,1,562.86,2935.07,"BEHAVIOURAL CHANGE",CRITICAL
2896584582,2022-10-07,1737.71,1,NULL,NULL,"BEHAVIOURAL CHANGE",NORMAL
28968986,2022-11-18,3782.23,1,NULL,NULL,"BEHAVIOURAL CHANGE",NORMAL
2913996500,2022-10-07,12170.92,1,NULL,NULL,"BEHAVIOURAL CHANGE",NORMAL
2921941084,2022-10-07,5979.22,1,NULL,NULL,"BEHAVIOURAL CHANGE",NORMAL
2923216853,2022-10-07,132.34,1,NULL,NULL,"BEHAVIOURAL CHANGE",NORMAL
2929456907,2022-12-12,50170.17,1,NULL,NULL,"BEHAVIOURAL CHANGE",NORMAL
2933339739,2022-12-06,11391.40,1,NULL,NULL,"BEHAVIOURAL CHANGE",NORMAL
2933863256,2022-11-13,9767.68,1,NULL,NULL,"BEHAVIOURAL CHANGE",NORMAL
2937810139,2022-10-07,28894.02,1,NULL,NULL,"BEHAVIOURAL CHANGE",NORMAL
2939856893,2022-10-07,2563.16,1,NULL,NULL,"BEHAVIOURAL CHANGE",NORMAL
2946146551,2022-10-07,451.80,1,NULL,NULL,"BEHAVIOURAL CHANGE",NORMAL
2947370387,2022-10-07,2683.59,1,NULL,NULL,"BEHAVIOURAL CHANGE",NORMAL
2949870600,2022-12-03,11874.84,1,NULL,NULL,"BEHAVIOURAL CHANGE",NORMAL
2954683680,2022-10-07,916.30,1,NULL,NULL,"BEHAVIOURAL CHANGE",NORMAL
296605000,2022-12-13,20966.54,1,NULL,NULL,"BEHAVIOURAL CHANGE",NORMAL
2966469026,2022-10-07,760.47,1,NULL,NULL,"BEHAVIOURAL CHANGE",NORMAL
2969728250,2022-10-07,484.87,1,NULL,NULL,"BEHAVIOURAL CHANGE",NORMAL
2969955007,2022-10-07,1156.92,1,NULL,NULL,"BEHAVIOURAL CHANGE",NORMAL
2972193348,2022-10-07,6399.51,1,NULL,NULL,"BEHAVIOURAL CHANGE",NORMAL
2975433371,2022-10-08,6004.20,1,NULL,NULL,"BEHAVIOURAL CHANGE",NORMAL
2978655617,2022-10-07,7583.06,2,NULL,NULL,"BEHAVIOURAL CHANGE",NORMAL
297935499,2022-11-10,2791.79,1,NULL,NULL,"BEHAVIOURAL CHANGE",NORMAL
2981214459,2022-10-07,5479.68,1,NULL,NULL,"BEHAVIOURAL CHANGE",NORMAL
2986696745,2022-10-07,825.57,1,NULL,NULL,"BEHAVIOURAL CHANGE",NORMAL
2994919804,2022-10-07,3222.98,1,NULL,NULL,"BEHAVIOURAL CHANGE",NORMAL
2995605752,2022-11-10,3681.90,1,NULL,NULL,"BEHAVIOURAL CHANGE",NORMAL
2997580898,2022-10-07,851.60,1,NULL,NULL,"BEHAVIOURAL CHANGE",NORMAL
299782338,2022-10-07,326.41,1,NULL,NULL,"BEHAVIOURAL CHANGE",NORMAL
3001717656,2022-10-24,8079.42,1,NULL,NULL,"BEHAVIOURAL CHANGE",NORMAL
3001717656,2022-10-25,25057.88,2,8079.42,16978.46,"BEHAVIOURAL CHANGE",CRITICAL
3001717656,2022-10-28,3866.15,1,25057.88,-21191.73,"BEHAVIOURAL CHANGE",NORMAL
3001717656,2022-10-30,19583.64,1,3866.15,15717.49,"BEHAVIOURAL CHANGE",CRITICAL
3001717656,2022-11-01,12876.11,1,19583.64,-6707.53,"BEHAVIOURAL CHANGE",NORMAL
3002136616,2022-10-14,4272.15,1,NULL,NULL,"BEHAVIOURAL CHANGE",NORMAL
3007675845,2022-10-07,5184.01,1,NULL,NULL,"BEHAVIOURAL CHANGE",NORMAL
300815762,2022-10-07,5723.09,1,NULL,NULL,"BEHAVIOURAL CHANGE",NORMAL
3011203127,2022-10-07,24157.18,4,NULL,NULL,"BEHAVIOURAL CHANGE",NORMAL
3023037899,2022-10-07,63084.99,2,NULL,NULL,"BEHAVIOURAL CHANGE",NORMAL
3026622208,2022-11-24,3795.62,1,NULL,NULL,"BEHAVIOURAL CHANGE",NORMAL
3026980368,2022-10-07,396.33,1,NULL,NULL,"BEHAVIOURAL CHANGE",NORMAL
3027507704,2022-10-12,3822.06,1,NULL,NULL,"BEHAVIOURAL CHANGE",NORMAL
3027936543,2022-10-07,276.72,1,NULL,NULL,"BEHAVIOURAL CHANGE",NORMAL
3029183605,2022-10-07,1965.61,1,NULL,NULL,"BEHAVIOURAL CHANGE",NORMAL
3030213922,2022-10-07,21485.66,3,NULL,NULL,"BEHAVIOURAL CHANGE",NORMAL
3033453299,2022-10-07,62861.14,3,NULL,NULL,"BEHAVIOURAL CHANGE",NORMAL
3034862757,2022-10-07,3512.04,1,NULL,NULL,"BEHAVIOURAL CHANGE",NORMAL
3035102123,2022-12-09,6204.16,1,NULL,NULL,"BEHAVIOURAL CHANGE",NORMAL
3046750994,2022-10-11,4085.77,1,NULL,NULL,"BEHAVIOURAL CHANGE",NORMAL
3050015080,2022-10-07,153.80,1,NULL,NULL,"BEHAVIOURAL CHANGE",NORMAL
305103818,2022-10-18,5979.21,1,NULL,NULL,"BEHAVIOURAL CHANGE",NORMAL
3053114958,2022-10-07,3267.38,1,NULL,NULL,"BEHAVIOURAL CHANGE",NORMAL
3059697081,2022-10-07,784.23,1,NULL,NULL,"BEHAVIOURAL CHANGE",NORMAL
307230262,2022-10-07,2480.31,1,NULL,NULL,"BEHAVIOURAL CHANGE",NORMAL
3072598521,2022-10-07,2472.19,1,NULL,NULL,"BEHAVIOURAL CHANGE",NORMAL
3080648876,2022-10-07,720.46,1,NULL,NULL,"BEHAVIOURAL CHANGE",NORMAL
3083446905,2022-10-07,952.06,1,NULL,NULL,"BEHAVIOURAL CHANGE",NORMAL
3090819765,2022-10-07,5155.46,1,NULL,NULL,"BEHAVIOURAL CHANGE",NORMAL
3092775499,2022-10-14,3095.35,1,NULL,NULL,"BEHAVIOURAL CHANGE",NORMAL
3098347292,2022-10-07,3280.26,2,NULL,NULL,"BEHAVIOURAL CHANGE",NORMAL
3098573757,2022-10-07,3566.88,1,NULL,NULL,"BEHAVIOURAL CHANGE",NORMAL
3098762122,2022-10-07,122.30,1,NULL,NULL,"BEHAVIOURAL CHANGE",NORMAL
3106767697,2022-11-12,2711.13,1,NULL,NULL,"BEHAVIOURAL CHANGE",NORMAL
3107015826,2022-10-07,391.76,1,NULL,NULL,"BEHAVIOURAL CHANGE",NORMAL
3108280261,2022-10-07,8094.26,1,NULL,NULL,"BEHAVIOURAL CHANGE",NORMAL
3108793806,2022-10-07,921.86,1,NULL,NULL,"BEHAVIOURAL CHANGE",NORMAL
3109776919,2022-10-07,8971.43,2,NULL,NULL,"BEHAVIOURAL CHANGE",NORMAL
3112884770,2022-10-07,1956.97,1,NULL,NULL,"BEHAVIOURAL CHANGE",NORMAL
3119048320,2022-11-05,5746.18,1,NULL,NULL,"BEHAVIOURAL CHANGE",NORMAL
3120847079,2022-10-07,78.36,1,NULL,NULL,"BEHAVIOURAL CHANGE",NORMAL
312690129,2022-10-07,3810.16,1,NULL,NULL,"BEHAVIOURAL CHANGE",NORMAL
3135838003,2022-10-07,7585.32,1,NULL,NULL,"BEHAVIOURAL CHANGE",NORMAL
3137540462,2022-10-07,734.20,1,NULL,NULL,"BEHAVIOURAL CHANGE",NORMAL
3138958286,2022-10-07,2938.40,1,NULL,NULL,"BEHAVIOURAL CHANGE",NORMAL
3139337800,2022-10-07,3223.47,1,NULL,NULL,"BEHAVIOURAL CHANGE",NORMAL
3141178923,2022-12-03,2863.04,1,NULL,NULL,"BEHAVIOURAL CHANGE",NORMAL
3143556912,2022-10-18,7022.46,1,NULL,NULL,"BEHAVIOURAL CHANGE",NORMAL
3146137198,2022-10-07,308.65,1,NULL,NULL,"BEHAVIOURAL CHANGE",NORMAL
3146144627,2022-10-07,9730.27,1,NULL,NULL,"BEHAVIOURAL CHANGE",NORMAL
3149859158,2022-10-07,5149.82,2,NULL,NULL,"BEHAVIOURAL CHANGE",NORMAL
315360773,2022-10-07,2487.73,1,NULL,NULL,"BEHAVIOURAL CHANGE",NORMAL
315625186,2022-11-21,5747.92,1,NULL,NULL,"BEHAVIOURAL CHANGE",NORMAL
315625186,2022-11-22,8105.51,1,5747.92,2357.59,"BEHAVIOURAL CHANGE",NORMAL
3162568567,2022-10-07,3067.18,1,NULL,NULL,"BEHAVIOURAL CHANGE",NORMAL
3168051873,2022-10-07,182320.29,21,NULL,NULL,"BEHAVIOURAL CHANGE",NORMAL
3168071582,2022-10-07,40496.54,1,NULL,NULL,"BEHAVIOURAL CHANGE",NORMAL
3173291888,2022-10-07,2253.35,1,NULL,NULL,"BEHAVIOURAL CHANGE",NORMAL
3180939545,2022-11-07,23166.68,1,NULL,NULL,"BEHAVIOURAL CHANGE",NORMAL
3180939545,2022-11-20,17729.29,1,23166.68,-5437.39,"BEHAVIOURAL CHANGE",NORMAL
3186698068,2022-10-07,1132.86,1,NULL,NULL,"BEHAVIOURAL CHANGE",NORMAL
3187084517,2022-11-14,1564.76,1,NULL,NULL,"BEHAVIOURAL CHANGE",NORMAL
3187084517,2022-11-15,2631.21,1,1564.76,1066.45,"BEHAVIOURAL CHANGE",NORMAL
3187084517,2022-11-16,2991.38,1,2631.21,360.17,"BEHAVIOURAL CHANGE",NORMAL
3187084517,2022-11-17,3002.53,1,2991.38,11.15,"BEHAVIOURAL CHANGE",NORMAL
3187084517,2022-11-18,3381.27,1,3002.53,378.74,"BEHAVIOURAL CHANGE",NORMAL
3187084517,2022-11-21,3560.55,1,3381.27,179.28,"BEHAVIOURAL CHANGE",NORMAL
3187084517,2022-11-22,2947.61,1,3560.55,-612.94,"BEHAVIOURAL CHANGE",NORMAL
3187084517,2022-11-23,5699.31,1,2947.61,2751.70,"BEHAVIOURAL CHANGE",NORMAL
3190048835,2022-10-11,5917.62,1,NULL,NULL,"BEHAVIOURAL CHANGE",NORMAL
3193577264,2022-10-07,1839.45,1,NULL,NULL,"BEHAVIOURAL CHANGE",NORMAL
3201382642,2022-10-11,15473.64,1,NULL,NULL,"BEHAVIOURAL CHANGE",NORMAL
3206452805,2022-10-07,115.55,1,NULL,NULL,"BEHAVIOURAL CHANGE",NORMAL
3211540762,2022-10-10,4188.76,1,NULL,NULL,"BEHAVIOURAL CHANGE",NORMAL
3213805967,2022-10-07,14166.37,1,NULL,NULL,"BEHAVIOURAL CHANGE",NORMAL
3215318479,2022-11-14,2189.20,1,NULL,NULL,"BEHAVIOURAL CHANGE",NORMAL
3215318479,2022-11-15,2688.73,2,2189.20,499.53,"BEHAVIOURAL CHANGE",NORMAL
3215318479,2022-11-16,3306.94,1,2688.73,618.21,"BEHAVIOURAL CHANGE",NORMAL
3215318479,2022-11-17,2820.06,1,3306.94,-486.88,"BEHAVIOURAL CHANGE",NORMAL
3215318479,2022-11-18,1222.84,1,2820.06,-1597.22,"BEHAVIOURAL CHANGE",NORMAL
3215318479,2022-11-21,2225.11,1,1222.84,1002.27,"BEHAVIOURAL CHANGE",NORMAL
3221380947,2022-10-07,1503.18,1,NULL,NULL,"BEHAVIOURAL CHANGE",NORMAL
3226909844,2022-11-06,3639.55,1,NULL,NULL,"BEHAVIOURAL CHANGE",NORMAL
3226909844,2022-11-08,7301.92,1,3639.55,3662.37,"BEHAVIOURAL CHANGE",HIGH
3226909844,2022-11-09,9515.44,1,7301.92,2213.52,"BEHAVIOURAL CHANGE",NORMAL
3226909844,2022-11-10,8554.68,1,9515.44,-960.76,"BEHAVIOURAL CHANGE",NORMAL
3229111081,2022-12-06,29311.03,1,NULL,NULL,"BEHAVIOURAL CHANGE",NORMAL
3236920559,2022-10-07,678.06,1,NULL,NULL,"BEHAVIOURAL CHANGE",NORMAL
3238526156,2022-10-07,42350.91,2,NULL,NULL,"BEHAVIOURAL CHANGE",NORMAL
3239063780,2022-10-07,38.80,1,NULL,NULL,"BEHAVIOURAL CHANGE",NORMAL
3239063780,2022-12-04,15391.18,1,38.80,15352.38,"BEHAVIOURAL CHANGE",CRITICAL
3239063780,2022-12-05,16074.46,1,15391.18,683.28,"BEHAVIOURAL CHANGE",NORMAL
3239906443,2022-11-10,11166.93,1,NULL,NULL,"BEHAVIOURAL CHANGE",NORMAL
3239906443,2022-11-18,10570.85,1,11166.93,-596.08,"BEHAVIOURAL CHANGE",NORMAL
3241181026,2022-10-07,1389.33,1,NULL,NULL,"BEHAVIOURAL CHANGE",NORMAL
3241216466,2022-10-14,3782.50,1,NULL,NULL,"BEHAVIOURAL CHANGE",NORMAL
3243896688,2022-10-07,20743.84,2,NULL,NULL,"BEHAVIOURAL CHANGE",NORMAL
3243896688,2022-11-20,8209.99,1,20743.84,-12533.85,"BEHAVIOURAL CHANGE",NORMAL
3243896688,2022-11-22,9130.64,1,8209.99,920.65,"BEHAVIOURAL CHANGE",NORMAL
3244691308,2022-10-07,631.42,1,NULL,NULL,"BEHAVIOURAL CHANGE",NORMAL
3254068363,2022-10-07,1329.50,1,NULL,NULL,"BEHAVIOURAL CHANGE",NORMAL
3254720589,2022-10-07,5851.03,1,NULL,NULL,"BEHAVIOURAL CHANGE",NORMAL
3255044891,2022-10-07,782.24,1,NULL,NULL,"BEHAVIOURAL CHANGE",NORMAL
3259746649,2022-10-07,276.46,1,NULL,NULL,"BEHAVIOURAL CHANGE",NORMAL
3260014584,2022-10-07,398.77,1,NULL,NULL,"BEHAVIOURAL CHANGE",NORMAL
3260527541,2022-10-07,4028.22,1,NULL,NULL,"BEHAVIOURAL CHANGE",NORMAL
3262475851,2022-10-07,76.89,1,NULL,NULL,"BEHAVIOURAL CHANGE",NORMAL
3262760251,2022-10-07,82977.14,4,NULL,NULL,"BEHAVIOURAL CHANGE",NORMAL
3266138487,2022-10-07,6463.51,1,NULL,NULL,"BEHAVIOURAL CHANGE",NORMAL
3267846600,2022-10-08,2688044.64,1,NULL,NULL,"BEHAVIOURAL CHANGE",NORMAL
3271196078,2022-11-22,5311.36,1,NULL,NULL,"BEHAVIOURAL CHANGE",NORMAL
3271932481,2022-11-07,141615.72,1,NULL,NULL,"BEHAVIOURAL CHANGE",NORMAL
3271932481,2022-12-15,315033.80,1,141615.72,173418.08,"BEHAVIOURAL CHANGE",HIGH
3272114985,2022-11-18,3033.51,1,NULL,NULL,"BEHAVIOURAL CHANGE",NORMAL
3275257189,2022-10-07,421.56,1,NULL,NULL,"BEHAVIOURAL CHANGE",NORMAL
327609046,2022-10-07,49680.89,2,NULL,NULL,"BEHAVIOURAL CHANGE",NORMAL
3279179893,2022-10-07,4886.18,1,NULL,NULL,"BEHAVIOURAL CHANGE",NORMAL
3282155790,2022-10-07,6156.95,1,NULL,NULL,"BEHAVIOURAL CHANGE",NORMAL
328384744,2022-10-07,9455.77,1,NULL,NULL,"BEHAVIOURAL CHANGE",NORMAL
3286172355,2022-10-07,2724.17,1,NULL,NULL,"BEHAVIOURAL CHANGE",NORMAL
3293364553,2022-10-07,97.16,1,NULL,NULL,"BEHAVIOURAL CHANGE",NORMAL
3293686547,2022-10-07,725.32,1,NULL,NULL,"BEHAVIOURAL CHANGE",NORMAL
3299538255,2022-10-07,423.42,1,NULL,NULL,"BEHAVIOURAL CHANGE",NORMAL
3299961738,2022-10-07,10926.36,1,NULL,NULL,"BEHAVIOURAL CHANGE",NORMAL
3300785782,2022-10-07,922.96,1,NULL,NULL,"BEHAVIOURAL CHANGE",NORMAL
3302760648,2022-11-12,6740.04,1,NULL,NULL,"BEHAVIOURAL CHANGE",NORMAL
3302760648,2022-12-04,4348.07,1,6740.04,-2391.97,"BEHAVIOURAL CHANGE",NORMAL
330544858,2022-10-07,192.10,1,NULL,NULL,"BEHAVIOURAL CHANGE",NORMAL
3306225869,2022-10-07,4825.75,2,NULL,NULL,"BEHAVIOURAL CHANGE",NORMAL
3310157274,2022-10-07,1720.21,1,NULL,NULL,"BEHAVIOURAL CHANGE",NORMAL
331330653,2022-11-19,4171.90,1,NULL,NULL,"BEHAVIOURAL CHANGE",NORMAL
3314596644,2022-10-07,2440.15,1,NULL,NULL,"BEHAVIOURAL CHANGE",NORMAL
3316762002,2022-11-11,2591.42,1,NULL,NULL,"BEHAVIOURAL CHANGE",NORMAL
3318565458,2022-10-07,118.16,1,NULL,NULL,"BEHAVIOURAL CHANGE",NORMAL
3325888911,2022-10-07,5827.84,1,NULL,NULL,"BEHAVIOURAL CHANGE",NORMAL
3330994745,2022-12-08,59477.81,1,NULL,NULL,"BEHAVIOURAL CHANGE",NORMAL
3332341727,2022-10-07,1826.90,1,NULL,NULL,"BEHAVIOURAL CHANGE",NORMAL
33346270,2022-10-07,11433.35,1,NULL,NULL,"BEHAVIOURAL CHANGE",NORMAL
3336234389,2022-10-07,23227.08,3,NULL,NULL,"BEHAVIOURAL CHANGE",NORMAL
3338303704,2022-11-18,15481.69,1,NULL,NULL,"BEHAVIOURAL CHANGE",NORMAL
3342935265,2022-10-12,2243.66,1,NULL,NULL,"BEHAVIOURAL CHANGE",NORMAL
3345407297,2022-10-07,7901.92,1,NULL,NULL,"BEHAVIOURAL CHANGE",NORMAL
3352168373,2022-10-07,1072.48,1,NULL,NULL,"BEHAVIOURAL CHANGE",NORMAL
3353091451,2022-10-07,988.18,1,NULL,NULL,"BEHAVIOURAL CHANGE",NORMAL
3358870725,2022-10-07,15544.17,1,NULL,NULL,"BEHAVIOURAL CHANGE",NORMAL
3360176026,2022-10-07,1438.38,1,NULL,NULL,"BEHAVIOURAL CHANGE",NORMAL
336186837,2022-10-07,1871.08,1,NULL,NULL,"BEHAVIOURAL CHANGE",NORMAL
3366160080,2022-10-10,8160.18,1,NULL,NULL,"BEHAVIOURAL CHANGE",NORMAL
3371937981,2022-11-23,6257.30,1,NULL,NULL,"BEHAVIOURAL CHANGE",NORMAL
3371937981,2022-11-26,6537.41,1,6257.30,280.11,"BEHAVIOURAL CHANGE",NORMAL
3373148945,2022-10-07,43000.27,2,NULL,NULL,"BEHAVIOURAL CHANGE",NORMAL
3375998526,2022-10-07,5083.92,1,NULL,NULL,"BEHAVIOURAL CHANGE",NORMAL
3386219618,2022-10-07,154.71,1,NULL,NULL,"BEHAVIOURAL CHANGE",NORMAL
3393308952,2022-11-09,4032.49,1,NULL,NULL,"BEHAVIOURAL CHANGE",NORMAL
3394889318,2022-10-07,7868.97,1,NULL,NULL,"BEHAVIOURAL CHANGE",NORMAL
3396853729,2022-10-07,51743.53,2,NULL,NULL,"BEHAVIOURAL CHANGE",NORMAL
3400999741,2022-10-07,1374.04,1,NULL,NULL,"BEHAVIOURAL CHANGE",NORMAL
3405863613,2022-10-20,6246.18,1,NULL,NULL,"BEHAVIOURAL CHANGE",NORMAL
3407919855,2022-10-07,944.50,1,NULL,NULL,"BEHAVIOURAL CHANGE",NORMAL
34088849,2022-10-24,2774.92,1,NULL,NULL,"BEHAVIOURAL CHANGE",NORMAL
3411478558,2022-10-07,2483.96,1,NULL,NULL,"BEHAVIOURAL CHANGE",NORMAL
3426609302,2022-10-07,4176.72,1,NULL,NULL,"BEHAVIOURAL CHANGE",NORMAL
3427594465,2022-10-16,4158.68,1,NULL,NULL,"BEHAVIOURAL CHANGE",NORMAL
3428098918,2022-10-14,7879.75,1,NULL,NULL,"BEHAVIOURAL CHANGE",NORMAL
3432179554,2022-10-07,101.46,1,NULL,NULL,"BEHAVIOURAL CHANGE",NORMAL
3432416988,2022-10-07,6765.74,1,NULL,NULL,"BEHAVIOURAL CHANGE",NORMAL
3432619033,2022-10-07,14395.38,1,NULL,NULL,"BEHAVIOURAL CHANGE",NORMAL
3432730035,2022-10-07,799.85,1,NULL,NULL,"BEHAVIOURAL CHANGE",NORMAL
3440654296,2022-10-07,27926.65,5,NULL,NULL,"BEHAVIOURAL CHANGE",NORMAL
3442075999,2022-10-07,29850.09,1,NULL,NULL,"BEHAVIOURAL CHANGE",NORMAL
3442706849,2022-10-07,3014.24,1,NULL,NULL,"BEHAVIOURAL CHANGE",NORMAL
3443340463,2022-10-07,1562.40,1,NULL,NULL,"BEHAVIOURAL CHANGE",NORMAL
3452368468,2022-10-07,125154.39,10,NULL,NULL,"BEHAVIOURAL CHANGE",NORMAL
3452564030,2022-10-07,2126.67,1,NULL,NULL,"BEHAVIOURAL CHANGE",NORMAL
3453088802,2022-10-13,11061.00,1,NULL,NULL,"BEHAVIOURAL CHANGE",NORMAL
3453088802,2022-10-14,14133.39,1,11061.00,3072.39,"BEHAVIOURAL CHANGE",NORMAL
3453088802,2022-10-16,7467.32,1,14133.39,-6666.07,"BEHAVIOURAL CHANGE",NORMAL
3453875036,2022-11-30,8354.06,1,NULL,NULL,"BEHAVIOURAL CHANGE",NORMAL
3462885128,2022-10-07,1933.78,1,NULL,NULL,"BEHAVIOURAL CHANGE",NORMAL
3467915237,2022-11-26,30449.24,1,NULL,NULL,"BEHAVIOURAL CHANGE",NORMAL
346811235,2022-10-14,3828.70,1,NULL,NULL,"BEHAVIOURAL CHANGE",NORMAL
3469159594,2022-10-07,2643.79,1,NULL,NULL,"BEHAVIOURAL CHANGE",NORMAL
3470363208,2022-10-17,3848.66,1,NULL,NULL,"BEHAVIOURAL CHANGE",NORMAL
34725151,2022-10-07,231.01,1,NULL,NULL,"BEHAVIOURAL CHANGE",NORMAL
3480556018,2022-11-13,17688.98,1,NULL,NULL,"BEHAVIOURAL CHANGE",NORMAL
3480556018,2022-11-15,15468.04,1,17688.98,-2220.94,"BEHAVIOURAL CHANGE",NORMAL
3480556018,2022-11-16,9089.55,1,15468.04,-6378.49,"BEHAVIOURAL CHANGE",NORMAL
3480556018,2022-11-17,7756.54,1,9089.55,-1333.01,"BEHAVIOURAL CHANGE",NORMAL
3480556018,2022-11-23,15895.21,2,7756.54,8138.67,"BEHAVIOURAL CHANGE",HIGH
348203318,2022-11-12,3011.46,1,NULL,NULL,"BEHAVIOURAL CHANGE",NORMAL
3485414590,2022-10-07,4473.70,1,NULL,NULL,"BEHAVIOURAL CHANGE",NORMAL
3486760473,2022-10-07,1485.01,1,NULL,NULL,"BEHAVIOURAL CHANGE",NORMAL
3487894253,2022-10-07,278.59,1,NULL,NULL,"BEHAVIOURAL CHANGE",NORMAL
3488949353,2022-11-26,4945.38,1,NULL,NULL,"BEHAVIOURAL CHANGE",NORMAL
3488949353,2022-11-28,4454.60,1,4945.38,-490.78,"BEHAVIOURAL CHANGE",NORMAL
3497124400,2022-10-07,5485.08,1,NULL,NULL,"BEHAVIOURAL CHANGE",NORMAL
3499302975,2022-10-07,8736.86,1,NULL,NULL,"BEHAVIOURAL CHANGE",NORMAL
3500660103,2022-10-07,1350.46,1,NULL,NULL,"BEHAVIOURAL CHANGE",NORMAL
3508358756,2022-11-14,6145.30,1,NULL,NULL,"BEHAVIOURAL CHANGE",NORMAL
3510078932,2022-10-07,167257.48,21,NULL,NULL,"BEHAVIOURAL CHANGE",NORMAL
3511049612,2022-10-07,3201.90,1,NULL,NULL,"BEHAVIOURAL CHANGE",NORMAL
3514325613,2022-10-07,677.09,1,NULL,NULL,"BEHAVIOURAL CHANGE",NORMAL
3518494338,2022-10-24,3130.69,1,NULL,NULL,"BEHAVIOURAL CHANGE",NORMAL
3520608804,2022-10-07,1568.78,1,NULL,NULL,"BEHAVIOURAL CHANGE",NORMAL
3523180313,2022-10-07,4734.61,1,NULL,NULL,"BEHAVIOURAL CHANGE",NORMAL
3524470825,2022-11-09,8150.14,1,NULL,NULL,"BEHAVIOURAL CHANGE",NORMAL
3526097821,2022-10-07,649.30,1,NULL,NULL,"BEHAVIOURAL CHANGE",NORMAL
3529676195,2022-10-07,6407.78,1,NULL,NULL,"BEHAVIOURAL CHANGE",NORMAL
3529992395,2022-10-07,340.26,1,NULL,NULL,"BEHAVIOURAL CHANGE",NORMAL
35328673,2022-10-07,652.29,1,NULL,NULL,"BEHAVIOURAL CHANGE",NORMAL
3538111472,2022-10-07,2014.62,1,NULL,NULL,"BEHAVIOURAL CHANGE",NORMAL
3544556379,2022-10-07,6861.49,1,NULL,NULL,"BEHAVIOURAL CHANGE",NORMAL
3544715458,2022-12-14,6977.06,1,NULL,NULL,"BEHAVIOURAL CHANGE",NORMAL
3548585281,2022-10-07,2495.97,1,NULL,NULL,"BEHAVIOURAL CHANGE",NORMAL
3549895554,2022-10-07,73226.52,1,NULL,NULL,"BEHAVIOURAL CHANGE",NORMAL
3553120499,2022-10-07,334.41,1,NULL,NULL,"BEHAVIOURAL CHANGE",NORMAL
3556481259,2022-10-12,1374.64,1,NULL,NULL,"BEHAVIOURAL CHANGE",NORMAL
3556481259,2022-10-13,2228.46,1,1374.64,853.82,"BEHAVIOURAL CHANGE",NORMAL
3556481259,2022-10-14,1511.86,1,2228.46,-716.60,"BEHAVIOURAL CHANGE",NORMAL
3556481259,2022-10-17,1827.25,1,1511.86,315.39,"BEHAVIOURAL CHANGE",NORMAL
3556481259,2022-10-18,1536.62,1,1827.25,-290.63,"BEHAVIOURAL CHANGE",NORMAL
3556481259,2022-10-19,3008.55,1,1536.62,1471.93,"BEHAVIOURAL CHANGE",NORMAL
3556481259,2022-10-21,3132.57,1,3008.55,124.02,"BEHAVIOURAL CHANGE",NORMAL
3556481259,2022-11-16,1034.61,1,3132.57,-2097.96,"BEHAVIOURAL CHANGE",NORMAL
3556481259,2022-11-17,2224.02,1,1034.61,1189.41,"BEHAVIOURAL CHANGE",HIGH
3556481259,2022-11-18,1225.09,1,2224.02,-998.93,"BEHAVIOURAL CHANGE",NORMAL
3556481259,2022-11-21,3761.93,1,1225.09,2536.84,"BEHAVIOURAL CHANGE",CRITICAL
3556481259,2022-11-22,1376.49,1,3761.93,-2385.44,"BEHAVIOURAL CHANGE",NORMAL
3556481259,2022-11-23,2727.64,1,1376.49,1351.15,"BEHAVIOURAL CHANGE",NORMAL
3556481259,2022-11-24,1467.31,1,2727.64,-1260.33,"BEHAVIOURAL CHANGE",NORMAL
3556481259,2022-11-25,3633.80,1,1467.31,2166.49,"BEHAVIOURAL CHANGE",HIGH
3556772030,2022-10-07,8647.35,1,NULL,NULL,"BEHAVIOURAL CHANGE",NORMAL
3557627046,2022-10-29,8176.92,1,NULL,NULL,"BEHAVIOURAL CHANGE",NORMAL
3559909418,2022-10-07,4922.93,1,NULL,NULL,"BEHAVIOURAL CHANGE",NORMAL
3563438570,2022-10-07,482.68,1,NULL,NULL,"BEHAVIOURAL CHANGE",NORMAL
