Sender_account,Receiver_account,Amount,Date,Sender_bank_location,Receiver_bank_location,Payment_type,Laundering_type,alert_type,risk_level
9430804295,6085677362,433314.60,2022-10-18,UK,Netherlands,Cross-border,Single_large,"CROSS BORDER RISK",LOW
5047305009,5993600544,322244.45,2022-10-17,UK,Morocco,Cross-border,Single_large,"CROSS BORDER RISK",CRITICAL
3271932481,4423134271,315033.80,2022-12-15,UK,Austria,Cross-border,Single_large,"CROSS BORDER RISK",LOW
5520221039,3418926964,227174.87,2022-10-17,UK,Turkey,Cross-border,Single_large,"CROSS BORDER RISK",LOW
6916860201,3089018467,198333.06,2022-10-29,Austria,UK,Cross-border,Single_large,"CROSS BORDER RISK",LOW
8427824617,7336296513,134974.74,2022-12-10,UK,France,Cross-border,Cycle,"CROSS BORDER RISK",LOW
7336296513,5617187360,124136.75,2022-12-11,France,Italy,Cross-border,Cycle,"CROSS BORDER RISK",LOW
513161146,6286930995,116983.72,2022-11-30,Morocco,UK,Cross-border,Single_large,"CROSS BORDER RISK",LOW
5617187360,8795102172,112989.47,2022-12-12,Italy,France,Cross-border,Cycle,"CROSS BORDER RISK",LOW
5095505244,8251530095,105674.69,2022-10-13,UK,Austria,Cross-border,Single_large,"CROSS BORDER RISK",LOW
3764972093,5183998157,102217.56,2022-10-15,UK,Nigeria,Cross-border,Single_large,"CROSS BORDER RISK",CRITICAL
8795102172,9377924130,100935.62,2022-12-13,France,Spain,Cross-border,Cycle,"CROSS BORDER RISK",LOW
9377924130,385607711,90199.00,2022-12-14,Spain,UK,Cross-border,Cycle,"CROSS BORDER RISK",LOW
9382188772,8260022683,87001.98,2022-11-12,UK,Switzerland,Cross-border,Single_large,"CROSS BORDER RISK",LOW
385607711,1597991082,83373.08,2022-12-15,UK,Austria,Cross-border,Cycle,"CROSS BORDER RISK",LOW
8122511384,651057717,75742.17,2022-12-06,UK,Spain,Cross-border,Cycle,"CROSS BORDER RISK",LOW
5994298151,9789649248,74470.14,2022-12-12,UK,Nigeria,Cross-border,Single_large,"CROSS BORDER RISK",CRITICAL
8722719854,5757334160,69822.73,2022-11-19,UK,Pakistan,Cross-border,Single_large,"CROSS BORDER RISK",CRITICAL
651057717,3705101560,67099.42,2022-12-07,Spain,UK,Cross-border,Cycle,"CROSS BORDER RISK",LOW
9310436713,5673954449,62955.79,2022-12-13,UK,Turkey,Cross-border,Fan_Out,"CROSS BORDER RISK",LOW
1681811645,4157322207,61062.76,2022-10-12,Turkey,UK,Cross-border,Layered_Fan_In,"CROSS BORDER RISK",LOW
5028744894,344014011,61023.46,2022-10-07,UK,Netherlands,Cross-border,Normal_Plus_Mutual,"CROSS BORDER RISK",LOW
3705101560,5100061329,60883.14,2022-12-08,UK,Switzerland,Cross-border,Cycle,"CROSS BORDER RISK",LOW
2477803987,2666796887,55652.05,2022-10-07,UK,Albania,Cross-border,Normal_Mutual,"CROSS BORDER RISK",CRITICAL
5100061329,2929456907,55478.83,2022-12-10,Switzerland,Japan,Cross-border,Cycle,"CROSS BORDER RISK",LOW
9210556116,2596387173,54124.40,2022-12-12,Spain,UK,Cross-border,Layered_Fan_In,"CROSS BORDER RISK",LOW
2929456907,8736463791,50170.17,2022-12-12,Japan,UK,Cross-border,Cycle,"CROSS BORDER RISK",LOW
1030692910,4662117326,47306.32,2022-10-07,Pakistan,UK,Cross-border,Normal_Small_Fan_Out,"CROSS BORDER RISK",LOW
5708403349,9422954342,39241.92,2022-11-19,UK,Mexico,Cross-border,Deposit-Send,"CROSS BORDER RISK",LOW
821512934,5448654851,37923.92,2022-12-06,UAE,UK,Cross-border,Layered_Fan_In,"CROSS BORDER RISK",LOW
7078200557,2278896409,36004.94,2022-11-06,UK,Nigeria,Cross-border,Deposit-Send,"CROSS BORDER RISK",HIGH
1382495057,1963292234,33973.78,2022-10-07,Morocco,UK,Cross-border,Normal_Mutual,"CROSS BORDER RISK",LOW
4164568754,6953672776,32233.20,2022-10-07,UK,Mexico,Cross-border,Normal_Fan_In,"CROSS BORDER RISK",LOW
4164568754,6953672776,32122.28,2022-10-07,UK,Mexico,Cross-border,Normal_Fan_In,"CROSS BORDER RISK",LOW
5917350547,9705256080,31785.18,2022-11-22,Netherlands,Mexico,Cross-border,Fan_Out,"CROSS BORDER RISK",LOW
3023037899,5103043844,31667.00,2022-10-07,UK,Nigeria,Cross-border,Normal_Fan_In,"CROSS BORDER RISK",HIGH
4164568754,6953672776,31613.70,2022-10-07,UK,Mexico,Cross-border,Normal_Fan_In,"CROSS BORDER RISK",LOW
3023037899,5103043844,31417.99,2022-10-07,UK,Nigeria,Cross-border,Normal_Fan_In,"CROSS BORDER RISK",HIGH
1792169085,6871838311,31059.13,2022-11-27,UK,Mexico,Cross-border,Deposit-Send,"CROSS BORDER RISK",LOW
7444660050,3710822308,30003.44,2022-12-13,UK,France,Cross-border,Layered_Fan_Out,"CROSS BORDER RISK",LOW
8285407168,6946032382,29890.09,2022-11-02,UK,Turkey,Cross-border,Layered_Fan_Out,"CROSS BORDER RISK",LOW
3442075999,1881545328,29850.09,2022-10-07,Germany,UK,Cross-border,Normal_Small_Fan_Out,"CROSS BORDER RISK",LOW
3229111081,2596387173,29311.03,2022-12-06,Switzerland,UK,Cross-border,Layered_Fan_In,"CROSS BORDER RISK",LOW
5263982631,7080357663,27492.73,2022-10-07,Japan,UK,Cross-border,Normal_Fan_In,"CROSS BORDER RISK",LOW
5263982631,7080357663,27479.44,2022-10-07,Japan,UK,Cross-border,Normal_Fan_In,"CROSS BORDER RISK",LOW
5263982631,7080357663,27378.48,2022-10-07,Japan,UK,Cross-border,Normal_Fan_In,"CROSS BORDER RISK",LOW
8638390457,1944211977,26472.90,2022-11-01,UK,Mexico,Cross-border,Deposit-Send,"CROSS BORDER RISK",LOW
7877700106,2534644942,25336.71,2022-10-07,UK,France,Cross-border,Normal_Fan_In,"CROSS BORDER RISK",LOW
6726922016,1687567916,25164.48,2022-11-05,UK,Albania,Cross-border,Deposit-Send,"CROSS BORDER RISK",HIGH
1769648203,187354041,24593.25,2022-12-13,UK,Morocco,Cross-border,"Stacked Bipartite","CROSS BORDER RISK",HIGH
1929116626,7892884492,24469.22,2022-10-07,UK,USA,Cross-border,Normal_Fan_In,"CROSS BORDER RISK",LOW
6086421020,1253036863,24077.58,2022-10-07,UK,Mexico,Cross-border,Normal_Fan_Out,"CROSS BORDER RISK",LOW
6086421020,1253036863,23977.34,2022-10-07,UK,Mexico,Cross-border,Normal_Fan_Out,"CROSS BORDER RISK",LOW
265022275,6133344377,23905.14,2022-12-13,UK,Mexico,Cross-border,Fan_Out,"CROSS BORDER RISK",LOW
8389148416,7489694854,23582.14,2022-10-07,UK,Italy,Cross-border,Normal_Fan_Out,"CROSS BORDER RISK",LOW
7385540908,2714399420,23282.12,2022-10-07,Japan,UK,Cross-border,Normal_Small_Fan_Out,"CROSS BORDER RISK",LOW
3180939545,8122679649,23166.68,2022-11-07,UK,Nigeria,Cross-border,Deposit-Send,"CROSS BORDER RISK",HIGH
3712660061,2534644942,23161.44,2022-10-07,UK,France,Cross-border,Normal_Fan_In,"CROSS BORDER RISK",LOW
8389148416,7489694854,23159.96,2022-10-07,UK,Italy,Cross-border,Normal_Fan_Out,"CROSS BORDER RISK",LOW
6633012892,5006737641,22544.67,2022-10-14,UK,Turkey,Cross-border,Deposit-Send,"CROSS BORDER RISK",LOW
6916860201,8515670469,22509.38,2022-11-21,Austria,UK,Cross-border,Single_large,"CROSS BORDER RISK",LOW
4121324384,9281561360,22306.49,2022-10-07,Spain,UK,Cross-border,Normal_Fan_Out,"CROSS BORDER RISK",LOW
4121324384,9281561360,22158.31,2022-10-07,Spain,UK,Cross-border,Normal_Fan_Out,"CROSS BORDER RISK",LOW
8193184390,4960277889,22148.99,2022-12-01,UK,UAE,Cross-border,Deposit-Send,"CROSS BORDER RISK",LOW
4121324384,9281561360,22084.81,2022-10-07,Spain,UK,Cross-border,Normal_Fan_Out,"CROSS BORDER RISK",LOW
9310436713,6141869383,21846.26,2022-12-13,UK,Japan,Cross-border,Fan_Out,"CROSS BORDER RISK",LOW
265022275,3727743666,21776.31,2022-12-05,UK,Morocco,Cross-border,Fan_Out,"CROSS BORDER RISK",HIGH
6708292258,1582827634,21495.65,2022-11-07,UK,Turkey,Cross-border,Deposit-Send,"CROSS BORDER RISK",LOW
6833938792,8692856098,21068.04,2022-11-19,UK,Spain,Cross-border,Gather-Scatter,"CROSS BORDER RISK",LOW
296605000,5459635745,20966.54,2022-12-13,Japan,UK,Cross-border,Fan_In,"CROSS BORDER RISK",LOW
4251149720,4181908870,20944.34,2022-12-13,Morocco,UK,Cross-border,Scatter-Gather,"CROSS BORDER RISK",LOW
5083667611,6646502650,20909.15,2022-10-07,UK,France,Cross-border,Normal_Fan_In,"CROSS BORDER RISK",LOW
2697605096,726077956,20603.66,2022-10-09,UK,Mexico,Cross-border,Cycle,"CROSS BORDER RISK",LOW
6724392743,9875272308,19851.81,2022-12-12,UK,Spain,Cross-border,Layered_Fan_In,"CROSS BORDER RISK",LOW
6989271965,861742137,19606.93,2022-11-21,UK,Turkey,Cross-border,Behavioural_Change_2,"CROSS BORDER RISK",LOW
1749781869,9444527519,19358.85,2022-10-07,France,UK,Cross-border,Normal_Small_Fan_Out,"CROSS BORDER RISK",LOW
5023341361,5448654851,19214.74,2022-12-11,USA,UK,Cross-border,Layered_Fan_In,"CROSS BORDER RISK",LOW
4550948935,8767765024,19105.70,2022-12-09,UK,India,Cross-border,Deposit-Send,"CROSS BORDER RISK",LOW
726077956,6088675358,19097.77,2022-10-11,Mexico,UK,Cross-border,Cycle,"CROSS BORDER RISK",LOW
1813079910,7417137272,18935.15,2022-11-04,UK,Morocco,Cross-border,Deposit-Send,"CROSS BORDER RISK",HIGH
4331853125,2939111542,18837.23,2022-10-07,UK,Italy,Cross-border,Normal_Small_Fan_Out,"CROSS BORDER RISK",LOW
265022275,9032140473,18527.78,2022-12-09,UK,Italy,Cross-border,Fan_Out,"CROSS BORDER RISK",LOW
4121324384,8777101435,18469.73,2022-10-07,Spain,UK,Cross-border,Normal_Fan_Out,"CROSS BORDER RISK",LOW
23039938,8772508254,18289.29,2022-11-25,UK,Turkey,Cross-border,Deposit-Send,"CROSS BORDER RISK",LOW
4121324384,8777101435,18207.77,2022-10-07,Spain,UK,Cross-border,Normal_Fan_Out,"CROSS BORDER RISK",LOW
6127913747,8384869861,18066.71,2022-10-07,UK,Germany,Cross-border,Normal_Foward,"CROSS BORDER RISK",LOW
8600542721,7689874264,17953.81,2022-10-12,UK,Albania,Cross-border,Behavioural_Change_1,"CROSS BORDER RISK",HIGH
582717708,7892884492,17599.85,2022-10-07,UK,USA,Cross-border,Normal_Fan_In,"CROSS BORDER RISK",LOW
582717708,7892884492,17592.55,2022-10-07,UK,USA,Cross-border,Normal_Fan_In,"CROSS BORDER RISK",LOW
1424693007,593436072,17477.41,2022-10-21,UK,Pakistan,Cross-border,Behavioural_Change_2,"CROSS BORDER RISK",HIGH
8465013530,2534644942,16768.39,2022-10-07,UK,France,Cross-border,Normal_Fan_In,"CROSS BORDER RISK",LOW
9880098011,7892884492,16738.96,2022-10-07,UK,USA,Cross-border,Normal_Fan_In,"CROSS BORDER RISK",LOW
8060121943,7820495697,16728.33,2022-10-31,UK,Morocco,Cross-border,Deposit-Send,"CROSS BORDER RISK",HIGH
4055431970,7353974647,16647.83,2022-10-07,UK,Spain,Cross-border,Normal_Small_Fan_Out,"CROSS BORDER RISK",LOW
7758268667,9609750441,16625.96,2022-10-07,UK,Nigeria,Cross-border,Normal_Fan_Out,"CROSS BORDER RISK",HIGH
9255943229,9252701993,16616.00,2022-11-27,UK,France,Cross-border,Bipartite,"CROSS BORDER RISK",LOW
5931838828,8407065812,16594.14,2022-10-07,UK,Turkey,Cross-border,Normal_Periodical,"CROSS BORDER RISK",LOW
8197072010,1170109023,16299.49,2022-11-10,UK,Morocco,Cross-border,Behavioural_Change_2,"CROSS BORDER RISK",HIGH
5931838828,8407065812,16195.44,2022-10-07,UK,Turkey,Cross-border,Normal_Periodical,"CROSS BORDER RISK",LOW
6672138927,9875272308,15698.94,2022-12-10,UK,Spain,Cross-border,Layered_Fan_In,"CROSS BORDER RISK",LOW
3239063780,9104489693,15391.18,2022-12-04,UK,Austria,Cross-border,Layered_Fan_Out,"CROSS BORDER RISK",LOW
9749980386,6279030684,15350.29,2022-10-13,UK,Germany,Cross-border,Deposit-Send,"CROSS BORDER RISK",LOW
2521152088,718745407,14985.04,2022-12-09,UK,Turkey,Cross-border,Cycle,"CROSS BORDER RISK",LOW
8537288551,7005769824,14944.10,2022-11-03,UK,Nigeria,Cross-border,Behavioural_Change_2,"CROSS BORDER RISK",HIGH
2793197858,1038535977,14726.19,2022-10-23,UK,Mexico,Cross-border,Gather-Scatter,"CROSS BORDER RISK",LOW
9891968510,821512934,14707.70,2022-11-20,UK,UAE,Cross-border,Layered_Fan_In,"CROSS BORDER RISK",LOW
6652024436,2585134008,14610.64,2022-10-16,UK,Morocco,Cross-border,Fan_Out,"CROSS BORDER RISK",HIGH
3975494843,7373140714,14590.55,2022-12-05,Morocco,UK,Cross-border,Layered_Fan_In,"CROSS BORDER RISK",LOW
1817675963,6646502650,14554.35,2022-10-07,UK,France,Cross-border,Normal_Fan_In,"CROSS BORDER RISK",LOW
1817675963,6646502650,14309.19,2022-10-07,UK,France,Cross-border,Normal_Fan_In,"CROSS BORDER RISK",LOW
5862382386,3263202017,14133.41,2022-12-14,Morocco,UK,Cross-border,"Stacked Bipartite","CROSS BORDER RISK",LOW
6123762963,4669358479,14107.60,2022-10-23,UK,India,Cross-border,Behavioural_Change_1,"CROSS BORDER RISK",LOW
8465703037,3504367345,14088.24,2022-10-07,UK,Pakistan,Cross-border,Normal_Plus_Mutual,"CROSS BORDER RISK",HIGH
7222999901,8200267429,14085.29,2022-12-14,UK,Austria,Cross-border,Layered_Fan_Out,"CROSS BORDER RISK",LOW
818830460,6562075226,13904.80,2022-11-29,UK,Switzerland,Cross-border,Behavioural_Change_1,"CROSS BORDER RISK",LOW
718745407,8657935466,13835.42,2022-12-10,Turkey,UK,Cross-border,Cycle,"CROSS BORDER RISK",LOW
4781791357,7464410589,13697.47,2022-10-07,UK,Japan,Cross-border,Normal_Mutual,"CROSS BORDER RISK",LOW
1226944129,2534644942,13528.29,2022-10-07,UK,France,Cross-border,Normal_Fan_In,"CROSS BORDER RISK",LOW
4251149720,3702143152,13526.92,2022-12-13,Morocco,UK,Cross-border,Scatter-Gather,"CROSS BORDER RISK",LOW
8523021855,2534644942,13499.54,2022-10-07,UK,France,Cross-border,Normal_Fan_In,"CROSS BORDER RISK",LOW
264095857,1316458123,13455.79,2022-10-07,UK,Mexico,Cross-border,Normal_Fan_In,"CROSS BORDER RISK",LOW
264095857,1316458123,13447.86,2022-10-07,UK,Mexico,Cross-border,Normal_Fan_In,"CROSS BORDER RISK",LOW
8523021855,2534644942,13405.10,2022-10-07,UK,France,Cross-border,Normal_Fan_In,"CROSS BORDER RISK",LOW
4816063555,1423078109,13332.30,2022-10-17,UK,UAE,Cross-border,Cycle,"CROSS BORDER RISK",LOW
5955159897,6034997194,13325.37,2022-10-07,Germany,UK,Cross-border,Normal_Fan_In,"CROSS BORDER RISK",LOW
8501920513,392103684,13178.26,2022-10-15,UK,Turkey,Cross-border,Behavioural_Change_2,"CROSS BORDER RISK",LOW
8523021855,2534644942,13176.52,2022-10-07,UK,France,Cross-border,Normal_Fan_In,"CROSS BORDER RISK",LOW
1226944129,2534644942,13085.62,2022-10-07,UK,France,Cross-border,Normal_Fan_In,"CROSS BORDER RISK",LOW
55381759,5549636261,12961.29,2022-11-27,Mexico,UK,Cross-border,Scatter-Gather,"CROSS BORDER RISK",LOW
6630041445,1316458123,12910.74,2022-10-07,UK,Mexico,Cross-border,Normal_Fan_In,"CROSS BORDER RISK",LOW
6630041445,1316458123,12801.57,2022-10-07,UK,Mexico,Cross-border,Normal_Fan_In,"CROSS BORDER RISK",LOW
1491989064,9460624653,12782.41,2022-10-07,UK,Spain,Cross-border,Normal_Fan_Out,"CROSS BORDER RISK",LOW
1491989064,9460624653,12748.05,2022-10-07,UK,Spain,Cross-border,Normal_Fan_Out,"CROSS BORDER RISK",LOW
6611982598,9210556116,12720.48,2022-11-25,UK,Spain,Cross-border,Layered_Fan_In,"CROSS BORDER RISK",LOW
5021785800,9745680135,12703.36,2022-10-07,UK,Japan,Cross-border,Normal_Fan_Out,"CROSS BORDER RISK",LOW
9079307827,9210556116,12553.06,2022-11-24,UK,Spain,Cross-border,Layered_Fan_In,"CROSS BORDER RISK",LOW
1182528804,2534644942,12544.40,2022-10-07,UK,France,Cross-border,Normal_Fan_In,"CROSS BORDER RISK",LOW
1182528804,2534644942,12424.26,2022-10-07,UK,France,Cross-border,Normal_Fan_In,"CROSS BORDER RISK",LOW
1423078109,2194097010,12390.16,2022-10-18,UAE,UK,Cross-border,Cycle,"CROSS BORDER RISK",LOW
7466302779,5103043844,12215.92,2022-10-07,UK,Nigeria,Cross-border,Normal_Fan_In,"CROSS BORDER RISK",HIGH
6874313350,8094120479,12082.12,2022-11-21,UK,Italy,Cross-border,"Stacked Bipartite","CROSS BORDER RISK",LOW
7466302779,5103043844,12071.82,2022-10-07,UK,Nigeria,Cross-border,Normal_Fan_In,"CROSS BORDER RISK",HIGH
2477514279,4924839218,12043.52,2022-11-25,UK,Mexico,Cross-border,Deposit-Send,"CROSS BORDER RISK",LOW
4473647189,7892884492,11957.87,2022-10-07,UK,USA,Cross-border,Normal_Fan_In,"CROSS BORDER RISK",LOW
8147726877,6646502650,11952.02,2022-10-07,UK,France,Cross-border,Normal_Fan_In,"CROSS BORDER RISK",LOW
6833938792,4076539723,11658.90,2022-11-13,UK,Italy,Cross-border,Gather-Scatter,"CROSS BORDER RISK",LOW
2196677893,911722658,11536.49,2022-10-07,Nigeria,UK,Cross-border,Normal_Periodical,"CROSS BORDER RISK",LOW
6086421020,7011505686,11446.68,2022-10-07,UK,Italy,Cross-border,Normal_Fan_Out,"CROSS BORDER RISK",LOW
2196677893,911722658,11416.75,2022-10-07,Nigeria,UK,Cross-border,Normal_Periodical,"CROSS BORDER RISK",LOW
2933339739,3953231536,11391.40,2022-12-06,UK,Morocco,Cross-border,Cycle,"CROSS BORDER RISK",HIGH
5458014530,2399858017,11390.42,2022-10-14,UK,Austria,Cross-border,Layered_Fan_Out,"CROSS BORDER RISK",LOW
8203229522,8519194353,11347.74,2022-10-07,UK,Pakistan,Cross-border,Normal_Fan_Out,"CROSS BORDER RISK",HIGH
2196677893,911722658,11320.86,2022-10-07,Nigeria,UK,Cross-border,Normal_Periodical,"CROSS BORDER RISK",LOW
6086421020,7011505686,11299.14,2022-10-07,UK,Italy,Cross-border,Normal_Fan_Out,"CROSS BORDER RISK",LOW
6086421020,7011505686,11280.89,2022-10-07,UK,Italy,Cross-border,Normal_Fan_Out,"CROSS BORDER RISK",LOW
8203229522,8519194353,11276.48,2022-10-07,UK,Pakistan,Cross-border,Normal_Fan_Out,"CROSS BORDER RISK",HIGH
4177861783,1316458123,11274.18,2022-10-07,UK,Mexico,Cross-border,Normal_Fan_In,"CROSS BORDER RISK",LOW
1976727841,8307428288,11266.24,2022-10-07,Mexico,UK,Cross-border,Normal_Mutual,"CROSS BORDER RISK",LOW
1424693007,3338042597,11235.13,2022-10-27,UK,Austria,Cross-border,Behavioural_Change_2,"CROSS BORDER RISK",LOW
1915450576,3772874052,11173.36,2022-10-07,UK,Turkey,Cross-border,Normal_Fan_Out,"CROSS BORDER RISK",LOW
4121324384,7417210636,11152.40,2022-10-07,Spain,UK,Cross-border,Normal_Fan_Out,"CROSS BORDER RISK",LOW
4251149720,9263452835,11137.45,2022-12-14,Morocco,UK,Cross-border,Scatter-Gather,"CROSS BORDER RISK",LOW
1915450576,3772874052,11045.68,2022-10-07,UK,Turkey,Cross-border,Normal_Fan_Out,"CROSS BORDER RISK",LOW
4775429005,5994566241,11006.94,2022-11-12,Mexico,UK,Cross-border,Bipartite,"CROSS BORDER RISK",LOW
7352073803,7423781443,10970.74,2022-10-20,UK,Albania,Cross-border,Deposit-Send,"CROSS BORDER RISK",HIGH
5753088795,7892884492,10941.87,2022-10-07,UK,USA,Cross-border,Normal_Fan_In,"CROSS BORDER RISK",LOW
4382775538,5994566241,10919.52,2022-11-05,Switzerland,UK,Cross-border,Bipartite,"CROSS BORDER RISK",LOW
4121324384,8135174919,10813.82,2022-10-07,Spain,UK,Cross-border,Normal_Fan_Out,"CROSS BORDER RISK",LOW
4121324384,8135174919,10781.30,2022-10-07,Spain,UK,Cross-border,Normal_Fan_Out,"CROSS BORDER RISK",LOW
4928880336,1082642344,10753.27,2022-10-07,Japan,UK,Cross-border,Layered_Fan_In,"CROSS BORDER RISK",LOW
1139132462,7199625988,10753.03,2022-10-07,UAE,UK,Cross-border,Normal_Fan_In,"CROSS BORDER RISK",LOW
6611982598,3229111081,10739.80,2022-11-21,UK,Switzerland,Cross-border,Layered_Fan_In,"CROSS BORDER RISK",LOW
8957068054,6207125149,10641.60,2022-10-11,UK,France,Cross-border,Layered_Fan_Out,"CROSS BORDER RISK",LOW
7788310039,5103043844,10634.57,2022-10-07,UK,Nigeria,Cross-border,Normal_Fan_In,"CROSS BORDER RISK",HIGH
3239906443,4846475139,10570.85,2022-11-18,UK,Switzerland,Cross-border,Layered_Fan_Out,"CROSS BORDER RISK",LOW
4767587845,1716691725,10507.62,2022-11-05,UK,India,Cross-border,Layered_Fan_Out,"CROSS BORDER RISK",LOW
8470477504,6370373045,10486.09,2022-12-15,UK,Albania,Cross-border,Gather-Scatter,"CROSS BORDER RISK",HIGH
8197072010,9461146315,10466.66,2022-11-10,UK,Austria,Cross-border,Behavioural_Change_2,"CROSS BORDER RISK",LOW
3950352859,3338700065,10464.35,2022-11-01,UK,Japan,Cross-border,Behavioural_Change_1,"CROSS BORDER RISK",LOW
3953231536,5693138862,10414.18,2022-12-07,Morocco,UK,Cross-border,Cycle,"CROSS BORDER RISK",LOW
6744599788,5395190531,10362.65,2022-11-27,UK,Pakistan,Cross-border,Behavioural_Change_2,"CROSS BORDER RISK",HIGH
2793197858,833496961,10350.43,2022-10-26,UK,France,Cross-border,Gather-Scatter,"CROSS BORDER RISK",LOW
8572039029,1431561040,10280.08,2022-10-07,France,UK,Cross-border,Normal_Fan_In,"CROSS BORDER RISK",LOW
8572039029,1431561040,10266.88,2022-10-07,France,UK,Cross-border,Normal_Fan_In,"CROSS BORDER RISK",LOW
7900125583,4548390037,10257.07,2022-10-08,UK,Turkey,Cross-border,Behavioural_Change_2,"CROSS BORDER RISK",LOW
4014748430,5004753700,10255.09,2022-10-29,UK,UAE,Cross-border,Layered_Fan_Out,"CROSS BORDER RISK",LOW
8572039029,1431561040,10196.94,2022-10-07,France,UK,Cross-border,Normal_Fan_In,"CROSS BORDER RISK",LOW
4344759414,2138505015,10179.93,2022-10-07,UK,UAE,Cross-border,Normal_Fan_In,"CROSS BORDER RISK",LOW
5535491870,1681811645,10150.12,2022-10-07,UK,Turkey,Cross-border,Layered_Fan_In,"CROSS BORDER RISK",LOW
4344759414,2138505015,10105.53,2022-10-07,UK,UAE,Cross-border,Normal_Fan_In,"CROSS BORDER RISK",LOW
8898696157,6646502650,10081.78,2022-10-07,UK,France,Cross-border,Normal_Fan_In,"CROSS BORDER RISK",LOW
4014748430,6052642343,10074.66,2022-10-19,UK,Germany,Cross-border,Layered_Fan_Out,"CROSS BORDER RISK",LOW
8987848252,4344045246,10024.19,2022-10-07,UK,Switzerland,Cross-border,Normal_Fan_Out,"CROSS BORDER RISK",LOW
8987848252,4344045246,10011.35,2022-10-07,UK,Switzerland,Cross-border,Normal_Fan_Out,"CROSS BORDER RISK",LOW
5668411164,6474275633,10004.27,2022-10-13,UK,Spain,Cross-border,Deposit-Send,"CROSS BORDER RISK",LOW
9599009457,7106391404,9945.27,2022-10-07,UK,Japan,Cross-border,Normal_Fan_Out,"CROSS BORDER RISK",LOW
7627772980,4455047767,9804.54,2022-10-31,UK,Albania,Cross-border,Layered_Fan_Out,"CROSS BORDER RISK",MEDIUM
8456279067,8073790137,9794.00,2022-10-07,UK,Germany,Cross-border,Normal_Fan_Out,"CROSS BORDER RISK",LOW
5309124465,2534644942,9754.05,2022-10-07,UK,France,Cross-border,Normal_Fan_In,"CROSS BORDER RISK",LOW
9599009457,7106391404,9753.24,2022-10-07,UK,Japan,Cross-border,Normal_Fan_Out,"CROSS BORDER RISK",LOW
6097169081,9210556116,9728.91,2022-11-23,UK,Spain,Cross-border,Layered_Fan_In,"CROSS BORDER RISK",LOW
8848140810,1204831577,9694.15,2022-10-15,UK,Albania,Cross-border,Deposit-Send,"CROSS BORDER RISK",MEDIUM
188929394,5862848172,9658.21,2022-10-15,UK,France,Cross-border,Deposit-Send,"CROSS BORDER RISK",LOW
4121324384,3732455271,9627.19,2022-10-07,Spain,UK,Cross-border,Normal_Fan_Out,"CROSS BORDER RISK",LOW
5693138862,3571423310,9583.42,2022-12-08,UK,UAE,Cross-border,Cycle,"CROSS BORDER RISK",LOW
128336607,6953672776,9544.33,2022-10-07,UK,Mexico,Cross-border,Normal_Fan_In,"CROSS BORDER RISK",LOW
5917350547,4563922345,9483.43,2022-11-18,Netherlands,UK,Cross-border,Fan_Out,"CROSS BORDER RISK",LOW
4382775538,9921473802,9479.67,2022-11-10,Switzerland,UK,Cross-border,Bipartite,"CROSS BORDER RISK",LOW
9965419082,2458139840,9442.51,2022-12-12,UK,Germany,Cross-border,Deposit-Send,"CROSS BORDER RISK",LOW
6520893038,6817982468,9417.28,2022-12-15,France,UK,Cross-border,Layered_Fan_Out,"CROSS BORDER RISK",LOW
8600542721,5594825011,9344.68,2022-10-12,UK,Switzerland,Cross-border,Behavioural_Change_1,"CROSS BORDER RISK",LOW
5706877708,7892884492,9277.62,2022-10-07,UK,USA,Cross-border,Normal_Fan_In,"CROSS BORDER RISK",LOW
1184607529,6579176482,9237.57,2022-11-09,UK,Germany,Cross-border,Layered_Fan_Out,"CROSS BORDER RISK",LOW
5706877708,7892884492,9204.78,2022-10-07,UK,USA,Cross-border,Normal_Fan_In,"CROSS BORDER RISK",LOW
5668411164,7242902186,9195.62,2022-12-05,UK,Turkey,Cross-border,Deposit-Send,"CROSS BORDER RISK",LOW
5706877708,7892884492,9184.01,2022-10-07,UK,USA,Cross-border,Normal_Fan_In,"CROSS BORDER RISK",LOW
403526894,6873391515,9180.49,2022-10-20,UK,Spain,Cross-border,Behavioural_Change_1,"CROSS BORDER RISK",LOW
2603494478,6646502650,9170.73,2022-10-07,UK,France,Cross-border,Normal_Fan_In,"CROSS BORDER RISK",LOW
4821757624,6215178345,9152.44,2022-11-03,UK,UAE,Cross-border,Deposit-Send,"CROSS BORDER RISK",LOW
2832385272,2138505015,9139.94,2022-10-07,UK,UAE,Cross-border,Normal_Fan_In,"CROSS BORDER RISK",LOW
3243896688,821512934,9130.64,2022-11-22,UK,UAE,Cross-border,Layered_Fan_In,"CROSS BORDER RISK",LOW
2601687073,7892884492,9088.05,2022-10-07,UK,USA,Cross-border,Normal_Fan_In,"CROSS BORDER RISK",LOW
283212952,5103043844,9071.89,2022-10-07,UK,Nigeria,Cross-border,Normal_Fan_In,"CROSS BORDER RISK",MEDIUM
4445307770,7892884492,9027.74,2022-10-07,UK,USA,Cross-border,Normal_Fan_In,"CROSS BORDER RISK",LOW
5793273539,3892281356,9012.14,2022-12-13,UK,Austria,Cross-border,Behavioural_Change_2,"CROSS BORDER RISK",LOW
2835477095,7772352930,8945.09,2022-10-14,Spain,UK,Cross-border,Structuring,"CROSS BORDER RISK",LOW
265022275,805558555,8925.70,2022-12-07,UK,Morocco,Cross-border,Fan_Out,"CROSS BORDER RISK",MEDIUM
5470113126,3661025271,8919.78,2022-10-07,Italy,UK,Cross-border,Normal_Periodical,"CROSS BORDER RISK",LOW
2550670994,7772352930,8848.67,2022-10-19,India,UK,Cross-border,Structuring,"CROSS BORDER RISK",LOW
6520893038,2128500197,8822.11,2022-12-11,France,UK,Cross-border,Layered_Fan_Out,"CROSS BORDER RISK",LOW
8987848252,3809653464,8819.10,2022-10-07,UK,Netherlands,Cross-border,Normal_Fan_Out,"CROSS BORDER RISK",LOW
8987848252,3809653464,8780.89,2022-10-07,UK,Netherlands,Cross-border,Normal_Fan_Out,"CROSS BORDER RISK",LOW
3952347143,7892884492,8773.04,2022-10-07,UK,USA,Cross-border,Normal_Fan_In,"CROSS BORDER RISK",LOW
8379256821,7772352930,8745.85,2022-10-13,Pakistan,UK,Cross-border,Structuring,"CROSS BORDER RISK",LOW
3952347143,7892884492,8737.25,2022-10-07,UK,USA,Cross-border,Normal_Fan_In,"CROSS BORDER RISK",LOW
3510078932,9858029207,8713.09,2022-10-07,UK,Turkey,Cross-border,Normal_Fan_Out,"CROSS BORDER RISK",LOW
5470113126,3661025271,8688.28,2022-10-07,Italy,UK,Cross-border,Normal_Periodical,"CROSS BORDER RISK",LOW
3510078932,9858029207,8658.96,2022-10-07,UK,Turkey,Cross-border,Normal_Fan_Out,"CROSS BORDER RISK",LOW
4594499722,5536989701,8603.81,2022-11-28,UK,Japan,Cross-border,Behavioural_Change_1,"CROSS BORDER RISK",LOW
6988928906,6953672776,8598.60,2022-10-07,UK,Mexico,Cross-border,Normal_Fan_In,"CROSS BORDER RISK",LOW
4117755003,6646502650,8591.01,2022-10-07,UK,France,Cross-border,Normal_Fan_In,"CROSS BORDER RISK",LOW
2749124400,7772352930,8587.87,2022-10-16,Austria,UK,Cross-border,Structuring,"CROSS BORDER RISK",LOW
4121324384,114960068,8567.20,2022-10-07,Spain,UAE,Cross-border,Normal_Fan_Out,"CROSS BORDER RISK",LOW
3571423310,981791790,8566.37,2022-12-10,UAE,UK,Cross-border,Cycle,"CROSS BORDER RISK",LOW
4121324384,114960068,8552.05,2022-10-07,Spain,UAE,Cross-border,Normal_Fan_Out,"CROSS BORDER RISK",LOW
6988928906,6953672776,8550.99,2022-10-07,UK,Mexico,Cross-border,Normal_Fan_In,"CROSS BORDER RISK",LOW
4121324384,114960068,8547.67,2022-10-07,Spain,UAE,Cross-border,Normal_Fan_Out,"CROSS BORDER RISK",LOW
1416418992,4526571397,8541.04,2022-10-22,UK,Nigeria,Cross-border,Deposit-Send,"CROSS BORDER RISK",MEDIUM
5264015348,6646502650,8535.66,2022-10-07,UK,France,Cross-border,Normal_Fan_In,"CROSS BORDER RISK",LOW
5917350547,7561412185,8527.47,2022-11-27,Netherlands,UK,Cross-border,Fan_Out,"CROSS BORDER RISK",LOW
4775429005,9921473802,8522.14,2022-11-09,Mexico,UK,Cross-border,Bipartite,"CROSS BORDER RISK",LOW
5354297720,5628674969,8519.10,2022-10-07,Mexico,UK,Cross-border,Normal_Fan_In,"CROSS BORDER RISK",LOW
5354297720,5628674969,8513.62,2022-10-07,Mexico,UK,Cross-border,Normal_Fan_In,"CROSS BORDER RISK",LOW
6989271965,5695014191,8465.76,2022-11-25,UK,Morocco,Cross-border,Behavioural_Change_2,"CROSS BORDER RISK",MEDIUM
4672757647,4771219610,8453.32,2022-10-07,UK,Mexico,Cross-border,Normal_Small_Fan_Out,"CROSS BORDER RISK",LOW
4121324384,1321335569,8452.53,2022-10-07,Spain,UK,Cross-border,Normal_Fan_Out,"CROSS BORDER RISK",LOW
5264015348,6646502650,8451.63,2022-10-07,UK,France,Cross-border,Normal_Fan_In,"CROSS BORDER RISK",LOW
1184607529,4152874682,8412.82,2022-11-12,UK,Netherlands,Cross-border,Layered_Fan_Out,"CROSS BORDER RISK",LOW
4775429005,390559734,8392.79,2022-11-17,Mexico,UK,Cross-border,Bipartite,"CROSS BORDER RISK",LOW
3614082527,5318241045,8349.21,2022-10-07,UK,Nigeria,Cross-border,Normal_Fan_Out,"CROSS BORDER RISK",MEDIUM
4568484411,821512934,8318.63,2022-11-23,UK,UAE,Cross-border,Layered_Fan_In,"CROSS BORDER RISK",LOW
5303255200,7772352930,8286.98,2022-10-21,Switzerland,UK,Cross-border,Structuring,"CROSS BORDER RISK",LOW
7922655699,3143116829,8201.29,2022-11-26,UK,Japan,Cross-border,"Stacked Bipartite","CROSS BORDER RISK",LOW
3366160080,3546293157,8160.18,2022-10-10,Germany,UK,Cross-border,Structuring,"CROSS BORDER RISK",LOW
8393076103,1316458123,8112.34,2022-10-07,UK,Mexico,Cross-border,Normal_Fan_In,"CROSS BORDER RISK",LOW
2047410771,6646502650,8110.72,2022-10-07,UK,France,Cross-border,Normal_Fan_In,"CROSS BORDER RISK",LOW
315625186,3229111081,8105.51,2022-11-22,UK,Switzerland,Cross-border,Layered_Fan_In,"CROSS BORDER RISK",LOW
3108280261,3324246812,8094.26,2022-10-07,UK,Turkey,Cross-border,Normal_Small_Fan_Out,"CROSS BORDER RISK",LOW
3510078932,8722924810,8071.30,2022-10-07,UK,Albania,Cross-border,Normal_Fan_Out,"CROSS BORDER RISK",MEDIUM
3510078932,8722924810,8067.61,2022-10-07,UK,Albania,Cross-border,Normal_Fan_Out,"CROSS BORDER RISK",MEDIUM
3510078932,8722924810,8061.51,2022-10-07,UK,Albania,Cross-border,Normal_Fan_Out,"CROSS BORDER RISK",MEDIUM
2047410771,6646502650,8056.52,2022-10-07,UK,France,Cross-border,Normal_Fan_In,"CROSS BORDER RISK",LOW
2047410771,6646502650,8045.75,2022-10-07,UK,France,Cross-border,Normal_Fan_In,"CROSS BORDER RISK",LOW
4382775538,8589177742,7999.18,2022-11-08,Switzerland,UK,Cross-border,Bipartite,"CROSS BORDER RISK",LOW
58594825,6953672776,7988.75,2022-10-07,UK,Mexico,Cross-border,Normal_Fan_In,"CROSS BORDER RISK",LOW
1021972,3575435324,7988.53,2022-10-31,UK,Pakistan,Cross-border,Deposit-Send,"CROSS BORDER RISK",MEDIUM
5917350547,4806160754,7975.47,2022-11-17,Netherlands,UK,Cross-border,Fan_Out,"CROSS BORDER RISK",LOW
8093648634,2987279234,7961.54,2022-10-08,Albania,UK,Cross-border,Structuring,"CROSS BORDER RISK",LOW
7837354873,2534644942,7944.21,2022-10-07,UK,France,Cross-border,Normal_Fan_In,"CROSS BORDER RISK",LOW
5982914936,5903480509,7911.36,2022-10-07,UK,Italy,Cross-border,Normal_Fan_Out,"CROSS BORDER RISK",LOW
3591030456,1601392910,7909.10,2022-10-15,UK,Nigeria,Cross-border,Layered_Fan_Out,"CROSS BORDER RISK",MEDIUM
9416949366,4679853485,7891.79,2022-12-01,UK,Nigeria,Cross-border,Behavioural_Change_2,"CROSS BORDER RISK",MEDIUM
6984051591,5060924139,7873.32,2022-10-07,UK,Italy,Cross-border,Normal_Small_Fan_Out,"CROSS BORDER RISK",LOW
3394889318,5414896414,7868.97,2022-10-07,UK,UAE,Cross-border,Normal_Small_Fan_Out,"CROSS BORDER RISK",LOW
1220646142,8172080174,7829.92,2022-10-07,Pakistan,UK,Cross-border,Normal_Fan_In,"CROSS BORDER RISK",LOW
7837354873,2534644942,7818.14,2022-10-07,UK,France,Cross-border,Normal_Fan_In,"CROSS BORDER RISK",LOW
1300794618,2138505015,7803.02,2022-10-07,France,UAE,Cross-border,Normal_Fan_In,"CROSS BORDER RISK",LOW
9350495967,2327949023,7798.79,2022-10-11,Switzerland,UK,Cross-border,Structuring,"CROSS BORDER RISK",LOW
5550354567,6953672776,7785.78,2022-10-07,Turkey,Mexico,Cross-border,Normal_Fan_In,"CROSS BORDER RISK",LOW
3336234389,6953672776,7777.73,2022-10-07,UK,Mexico,Cross-border,Normal_Fan_In,"CROSS BORDER RISK",LOW
5793273539,7101540908,7777.07,2022-12-09,UK,Turkey,Cross-border,Behavioural_Change_2,"CROSS BORDER RISK",LOW
1220646142,8172080174,7759.82,2022-10-07,Pakistan,UK,Cross-border,Normal_Fan_In,"CROSS BORDER RISK",LOW
3336234389,6953672776,7748.22,2022-10-07,UK,Mexico,Cross-border,Normal_Fan_In,"CROSS BORDER RISK",LOW
8501920513,1766338062,7744.01,2022-10-09,UK,Mexico,Cross-border,Behavioural_Change_2,"CROSS BORDER RISK",LOW
1220646142,8172080174,7737.64,2022-10-07,Pakistan,UK,Cross-border,Normal_Fan_In,"CROSS BORDER RISK",LOW
6833938792,5540143178,7709.66,2022-11-15,UK,Albania,Cross-border,Gather-Scatter,"CROSS BORDER RISK",MEDIUM
3336234389,6953672776,7701.13,2022-10-07,UK,Mexico,Cross-border,Normal_Fan_In,"CROSS BORDER RISK",LOW
5917350547,5202913060,7698.72,2022-11-21,Netherlands,UK,Cross-border,Fan_Out,"CROSS BORDER RISK",LOW
4358383639,6953672776,7696.15,2022-10-07,UK,Mexico,Cross-border,Normal_Fan_In,"CROSS BORDER RISK",LOW
7698724710,3282818329,7671.12,2022-11-18,Spain,UK,Cross-border,Structuring,"CROSS BORDER RISK",LOW
6345198198,1036645791,7648.76,2022-10-30,UK,France,Cross-border,Behavioural_Change_1,"CROSS BORDER RISK",LOW
4358383639,6953672776,7621.27,2022-10-07,UK,Mexico,Cross-border,Normal_Fan_In,"CROSS BORDER RISK",LOW
5030100545,51935521,7594.86,2022-10-27,UK,Nigeria,Cross-border,Deposit-Send,"CROSS BORDER RISK",MEDIUM
7207395469,1316458123,7592.37,2022-10-07,UK,Mexico,Cross-border,Normal_Fan_In,"CROSS BORDER RISK",LOW
5803562064,5028204460,7584.01,2022-12-12,India,UK,Cross-border,Bipartite,"CROSS BORDER RISK",LOW
5862382386,7757125281,7574.26,2022-12-10,Morocco,UK,Cross-border,"Stacked Bipartite","CROSS BORDER RISK",LOW
4447501051,7571328297,7570.44,2022-11-06,UK,Turkey,Cross-border,Fan_Out,"CROSS BORDER RISK",LOW
3580636597,5103043844,7524.92,2022-10-07,UK,Nigeria,Cross-border,Normal_Fan_In,"CROSS BORDER RISK",MEDIUM
9508689417,5103043844,7450.71,2022-10-07,UK,Nigeria,Cross-border,Normal_Fan_In,"CROSS BORDER RISK",MEDIUM
602348327,6034997194,7444.25,2022-10-07,Spain,UK,Cross-border,Normal_Fan_In,"CROSS BORDER RISK",LOW
3001717656,2647941740,7420.87,2022-10-25,UK,Switzerland,Cross-border,Gather-Scatter,"CROSS BORDER RISK",LOW
8417752885,5320735806,7420.50,2022-11-05,UK,UAE,Cross-border,Deposit-Send,"CROSS BORDER RISK",LOW
7669236826,4294761058,7413.01,2022-10-07,UK,Austria,Cross-border,Normal_Fan_Out,"CROSS BORDER RISK",LOW
6344798149,3282818329,7394.64,2022-11-20,Netherlands,UK,Cross-border,Structuring,"CROSS BORDER RISK",LOW
8173887384,6901187428,7390.62,2022-12-13,UK,Turkey,Cross-border,Behavioural_Change_2,"CROSS BORDER RISK",LOW
2154311031,1983875360,7370.17,2022-11-20,UK,Italy,Cross-border,Gather-Scatter,"CROSS BORDER RISK",LOW
9508689417,5103043844,7367.11,2022-10-07,UK,Nigeria,Cross-border,Normal_Fan_In,"CROSS BORDER RISK",MEDIUM
3722911464,5412250951,7358.48,2022-12-15,UK,USA,Cross-border,Layered_Fan_Out,"CROSS BORDER RISK",LOW
1697970931,3975494843,7351.21,2022-11-29,UK,Morocco,Cross-border,Layered_Fan_In,"CROSS BORDER RISK",MEDIUM
8173887384,2030092842,7318.89,2022-12-15,UK,Morocco,Cross-border,Behavioural_Change_2,"CROSS BORDER RISK",MEDIUM
9416949366,1040594777,7282.39,2022-11-30,UK,Albania,Cross-border,Behavioural_Change_2,"CROSS BORDER RISK",MEDIUM
685439805,3143116829,7245.67,2022-11-25,UK,Japan,Cross-border,"Stacked Bipartite","CROSS BORDER RISK",LOW
3722911464,7122195351,7227.31,2022-12-11,UK,Albania,Cross-border,Layered_Fan_Out,"CROSS BORDER RISK",MEDIUM
9136318143,2138505015,7200.80,2022-10-07,UK,UAE,Cross-border,Normal_Fan_In,"CROSS BORDER RISK",LOW
5862382386,2599148312,7155.43,2022-12-08,Morocco,UK,Cross-border,"Stacked Bipartite","CROSS BORDER RISK",LOW
1982710669,2138505015,7121.93,2022-10-07,UK,UAE,Cross-border,Normal_Fan_In,"CROSS BORDER RISK",LOW
1517021923,3143116829,7095.51,2022-11-26,UK,Japan,Cross-border,"Stacked Bipartite","CROSS BORDER RISK",LOW
9986072975,3166538889,7089.92,2022-12-05,Germany,UK,Cross-border,Structuring,"CROSS BORDER RISK",LOW
3510078932,2436228903,7079.88,2022-10-07,UK,Mexico,Cross-border,Normal_Fan_Out,"CROSS BORDER RISK",LOW
6744599788,8242232249,7042.87,2022-12-05,UK,Nigeria,Cross-border,Behavioural_Change_2,"CROSS BORDER RISK",MEDIUM
3510078932,2436228903,7037.43,2022-10-07,UK,Mexico,Cross-border,Normal_Fan_Out,"CROSS BORDER RISK",LOW
3544715458,623640023,6977.06,2022-12-14,UK,Austria,Cross-border,Layered_Fan_Out,"CROSS BORDER RISK",LOW
6744599788,6852063462,6897.05,2022-12-03,UK,UAE,Cross-border,Behavioural_Change_2,"CROSS BORDER RISK",LOW
4713467040,9210556116,6896.68,2022-11-21,UK,Spain,Cross-border,Layered_Fan_In,"CROSS BORDER RISK",LOW
6541552727,2877832458,6868.28,2022-10-07,UK,Morocco,Cross-border,Normal_Fan_Out,"CROSS BORDER RISK",MEDIUM
9749980386,2226094681,6845.24,2022-10-20,UK,Albania,Cross-border,Deposit-Send,"CROSS BORDER RISK",MEDIUM
4526673525,6157568163,6796.17,2022-10-07,UAE,UK,Cross-border,Normal_Small_Fan_Out,"CROSS BORDER RISK",LOW
3302760648,6165296936,6740.04,2022-11-12,UK,Albania,Cross-border,Deposit-Send,"CROSS BORDER RISK",MEDIUM
4204086745,5459635745,6729.92,2022-12-13,France,UK,Cross-border,Fan_In,"CROSS BORDER RISK",LOW
435764827,1533993400,6728.53,2022-10-15,UK,Mexico,Cross-border,Layered_Fan_Out,"CROSS BORDER RISK",LOW
6916264887,6953672776,6721.51,2022-10-07,UK,Mexico,Cross-border,Normal_Fan_In,"CROSS BORDER RISK",LOW
8413340671,2138505015,6721.24,2022-10-07,UK,UAE,Cross-border,Normal_Fan_In,"CROSS BORDER RISK",LOW
403526894,9251224425,6718.59,2022-10-12,UK,USA,Cross-border,Behavioural_Change_1,"CROSS BORDER RISK",LOW
9490679180,5103043844,6712.96,2022-10-07,UK,Nigeria,Cross-border,Normal_Fan_In,"CROSS BORDER RISK",MEDIUM
9938221650,628238240,6706.92,2022-10-07,Nigeria,UK,Cross-border,Normal_Small_Fan_Out,"CROSS BORDER RISK",LOW
8413340671,2138505015,6691.95,2022-10-07,UK,UAE,Cross-border,Normal_Fan_In,"CROSS BORDER RISK",LOW
8413340671,2138505015,6689.59,2022-10-07,UK,UAE,Cross-border,Normal_Fan_In,"CROSS BORDER RISK",LOW
6764548823,497786955,6673.92,2022-10-07,UK,India,Cross-border,Normal_Small_Fan_Out,"CROSS BORDER RISK",LOW
6520893038,3700320650,6660.48,2022-12-10,France,UK,Cross-border,Layered_Fan_Out,"CROSS BORDER RISK",LOW
9490679180,5103043844,6656.76,2022-10-07,UK,Nigeria,Cross-border,Normal_Fan_In,"CROSS BORDER RISK",MEDIUM
5218904199,6646502650,6637.91,2022-10-07,UK,France,Cross-border,Normal_Fan_In,"CROSS BORDER RISK",LOW
3567089560,4547973270,6623.92,2022-10-07,UK,Italy,Cross-border,Normal_Periodical,"CROSS BORDER RISK",LOW
9965419082,2585012272,6615.15,2022-11-11,UK,Morocco,Cross-border,Deposit-Send,"CROSS BORDER RISK",MEDIUM
7078200557,2989656913,6587.92,2022-10-27,UK,Morocco,Cross-border,Deposit-Send,"CROSS BORDER RISK",MEDIUM
6916264887,6953672776,6568.91,2022-10-07,UK,Mexico,Cross-border,Normal_Fan_In,"CROSS BORDER RISK",LOW
3567089560,4547973270,6528.26,2022-10-07,UK,Italy,Cross-border,Normal_Periodical,"CROSS BORDER RISK",LOW
1424693007,874243212,6517.83,2022-10-26,UK,Nigeria,Cross-border,Behavioural_Change_2,"CROSS BORDER RISK",MEDIUM
55381759,4814705202,6495.87,2022-11-24,Mexico,Spain,Cross-border,Scatter-Gather,"CROSS BORDER RISK",LOW
4121324384,3405158611,6494.05,2022-10-07,Spain,UK,Cross-border,Normal_Fan_Out,"CROSS BORDER RISK",LOW
9380493823,9243465979,6472.44,2022-11-09,UK,Pakistan,Cross-border,Deposit-Send,"CROSS BORDER RISK",MEDIUM
190346689,5103043844,6457.15,2022-10-07,UK,Nigeria,Cross-border,Normal_Fan_In,"CROSS BORDER RISK",MEDIUM
2498232404,6645074569,6455.70,2022-10-07,UK,Austria,Cross-border,Normal_Small_Fan_Out,"CROSS BORDER RISK",LOW
8121014003,1316458123,6451.27,2022-10-07,UK,Mexico,Cross-border,Normal_Fan_In,"CROSS BORDER RISK",LOW
4898931369,9252701993,6422.47,2022-11-28,UK,France,Cross-border,Bipartite,"CROSS BORDER RISK",LOW
8121014003,1316458123,6412.57,2022-10-07,UK,Mexico,Cross-border,Normal_Fan_In,"CROSS BORDER RISK",LOW
2972193348,5103043844,6399.51,2022-10-07,UK,Nigeria,Cross-border,Normal_Fan_In,"CROSS BORDER RISK",MEDIUM
1285588849,2531548770,6378.33,2022-11-09,UK,Albania,Cross-border,Structuring,"CROSS BORDER RISK",MEDIUM
5917350547,4903531739,6324.04,2022-11-27,Netherlands,Austria,Cross-border,Fan_Out,"CROSS BORDER RISK",LOW
8094120479,4036374632,6300.09,2022-12-03,Italy,UK,Cross-border,"Stacked Bipartite","CROSS BORDER RISK",LOW
7253035220,187149128,6281.00,2022-12-13,UK,Turkey,Cross-border,Layered_Fan_Out,"CROSS BORDER RISK",LOW
3371937981,3577737186,6257.30,2022-11-23,UK,Italy,Cross-border,Layered_Fan_Out,"CROSS BORDER RISK",LOW
7428685692,6905979898,6241.88,2022-10-07,UK,Netherlands,Cross-border,Normal_Small_Fan_Out,"CROSS BORDER RISK",LOW
8055925195,1122450922,6233.37,2022-10-25,UK,Italy,Cross-border,Deposit-Send,"CROSS BORDER RISK",LOW
9599009457,8900742620,6214.34,2022-10-07,UK,Switzerland,Cross-border,Normal_Fan_Out,"CROSS BORDER RISK",LOW
9327083401,2531548770,6208.51,2022-11-07,Nigeria,Albania,Cross-border,Structuring,"CROSS BORDER RISK",MEDIUM
5917350547,677056262,6204.65,2022-11-23,Netherlands,Japan,Cross-border,Fan_Out,"CROSS BORDER RISK",LOW
1239830563,2531548770,6196.74,2022-11-08,UK,Albania,Cross-border,Structuring,"CROSS BORDER RISK",MEDIUM
4002088310,4344244332,6183.83,2022-12-10,Mexico,UK,Cross-border,Structuring,"CROSS BORDER RISK",LOW
420570262,5103043844,6172.91,2022-10-07,UK,Nigeria,Cross-border,Normal_Fan_In,"CROSS BORDER RISK",MEDIUM
6219252225,853465021,6166.88,2022-12-14,UK,USA,Cross-border,Gather-Scatter,"CROSS BORDER RISK",LOW
4077353464,9179681342,6164.09,2022-10-07,UK,Albania,Cross-border,Normal_Small_Fan_Out,"CROSS BORDER RISK",MEDIUM
14539122,6953672776,6155.14,2022-10-07,UK,Mexico,Cross-border,Normal_Fan_In,"CROSS BORDER RISK",LOW
6082530241,3229111081,6150.11,2022-11-27,UK,Switzerland,Cross-border,Layered_Fan_In,"CROSS BORDER RISK",LOW
8501920513,9722096196,6112.62,2022-10-07,UK,Nigeria,Cross-border,Behavioural_Change_2,"CROSS BORDER RISK",MEDIUM
9700230961,2531548770,6102.91,2022-11-10,UK,Albania,Cross-border,Structuring,"CROSS BORDER RISK",MEDIUM
2793197858,3301341711,6095.70,2022-10-24,UK,Spain,Cross-border,Gather-Scatter,"CROSS BORDER RISK",LOW
4875340736,5023341361,6078.81,2022-11-25,UK,USA,Cross-border,Layered_Fan_In,"CROSS BORDER RISK",LOW
1491989064,8401255335,6066.90,2022-10-07,UK,UAE,Cross-border,Normal_Fan_Out,"CROSS BORDER RISK",LOW
5849180756,2531548770,6064.63,2022-11-11,UK,Albania,Cross-border,Structuring,"CROSS BORDER RISK",MEDIUM
2369124408,2531548770,6063.20,2022-11-12,UK,Albania,Cross-border,Structuring,"CROSS BORDER RISK",MEDIUM
1813079910,8673365646,6056.61,2022-10-20,UK,Mexico,Cross-border,Deposit-Send,"CROSS BORDER RISK",LOW
8700457882,4597902876,6046.99,2022-11-19,Mexico,UK,Cross-border,Structuring,"CROSS BORDER RISK",LOW
2166563883,1663718603,6043.32,2022-12-10,UK,Turkey,Cross-border,Deposit-Send,"CROSS BORDER RISK",LOW
3783057593,2531548770,6042.31,2022-10-12,UK,Albania,Cross-border,Structuring,"CROSS BORDER RISK",MEDIUM
1491989064,8401255335,6037.94,2022-10-07,UK,UAE,Cross-border,Normal_Fan_Out,"CROSS BORDER RISK",LOW
6042344622,1602224320,6034.70,2022-12-12,UK,Mexico,Cross-border,Deposit-Send,"CROSS BORDER RISK",LOW
1491989064,8401255335,6019.64,2022-10-07,UK,UAE,Cross-border,Normal_Fan_Out,"CROSS BORDER RISK",LOW
5874431519,2531548770,6014.66,2022-11-14,UK,Albania,Cross-border,Structuring,"CROSS BORDER RISK",MEDIUM
2975433371,2531548770,6004.20,2022-10-08,UK,Albania,Cross-border,Structuring,"CROSS BORDER RISK",MEDIUM
7798979163,2531548770,5980.51,2022-11-13,UK,Albania,Cross-border,Structuring,"CROSS BORDER RISK",MEDIUM
6486848760,9517922369,5975.23,2022-11-11,France,UK,Cross-border,Structuring,"CROSS BORDER RISK",LOW
9287589980,5103043844,5974.06,2022-10-07,UK,Nigeria,Cross-border,Normal_Fan_In,"CROSS BORDER RISK",MEDIUM
8585579344,2531548770,5953.43,2022-10-13,UK,Albania,Cross-border,Structuring,"CROSS BORDER RISK",MEDIUM
3190048835,2531548770,5917.62,2022-10-11,UK,Albania,Cross-border,Structuring,"CROSS BORDER RISK",MEDIUM
733430828,6953672776,5916.09,2022-10-07,UK,Mexico,Cross-border,Normal_Fan_In,"CROSS BORDER RISK",LOW
3510078932,823626823,5906.31,2022-10-07,UK,Netherlands,Cross-border,Normal_Fan_Out,"CROSS BORDER RISK",LOW
3758118046,6081504025,5903.33,2022-10-07,UK,Mexico,Cross-border,Behavioural_Change_2,"CROSS BORDER RISK",LOW
2299676190,2534644942,5899.62,2022-10-07,UK,France,Cross-border,Normal_Fan_In,"CROSS BORDER RISK",LOW
2299676190,2534644942,5881.57,2022-10-07,UK,France,Cross-border,Normal_Fan_In,"CROSS BORDER RISK",LOW
9579837699,2138505015,5881.33,2022-10-07,UK,UAE,Cross-border,Normal_Fan_In,"CROSS BORDER RISK",LOW
5917350547,5729243119,5853.45,2022-11-22,Netherlands,UK,Cross-border,Fan_Out,"CROSS BORDER RISK",LOW
1015594108,3143116829,5851.97,2022-11-30,UK,Japan,Cross-border,"Stacked Bipartite","CROSS BORDER RISK",LOW
1424693007,9981610223,5849.04,2022-10-29,UK,Albania,Cross-border,Behavioural_Change_2,"CROSS BORDER RISK",MEDIUM
3325888911,4494252192,5827.84,2022-10-07,UK,India,Cross-border,Normal_Small_Fan_Out,"CROSS BORDER RISK",LOW
9741665599,2531548770,5826.73,2022-10-09,UK,Albania,Cross-border,Structuring,"CROSS BORDER RISK",MEDIUM
6837507008,2531548770,5815.90,2022-10-10,UK,Albania,Cross-border,Structuring,"CROSS BORDER RISK",MEDIUM
7437186310,3173291888,5785.83,2022-10-11,UK,Albania,Cross-border,Structuring,"CROSS BORDER RISK",MEDIUM
4711995584,3511049612,5782.00,2022-10-17,UK,USA,Cross-border,Layered_Fan_Out,"CROSS BORDER RISK",LOW
6520893038,9650443831,5754.18,2022-12-09,France,UK,Cross-border,Layered_Fan_Out,"CROSS BORDER RISK",LOW
6652024436,2552732171,5744.71,2022-10-23,UK,Morocco,Cross-border,Fan_Out,"CROSS BORDER RISK",MEDIUM
445337741,9651904023,5739.17,2022-10-07,UK,Japan,Cross-border,Normal_Small_Fan_Out,"CROSS BORDER RISK",LOW
7419470415,3173291888,5737.43,2022-10-08,UK,Albania,Cross-border,Structuring,"CROSS BORDER RISK",MEDIUM
7155736136,1316458123,5736.64,2022-10-07,UK,Mexico,Cross-border,Normal_Fan_In,"CROSS BORDER RISK",LOW
9305572467,386440627,5732.09,2022-11-17,UK,Germany,Cross-border,Structuring,"CROSS BORDER RISK",LOW
7155736136,1316458123,5731.77,2022-10-07,UK,Mexico,Cross-border,Normal_Fan_In,"CROSS BORDER RISK",LOW
9481224844,386440627,5718.46,2022-11-16,UK,Germany,Cross-border,Structuring,"CROSS BORDER RISK",LOW
7155736136,1316458123,5712.75,2022-10-07,UK,Mexico,Cross-border,Normal_Fan_In,"CROSS BORDER RISK",LOW
4814705202,4045325482,5697.30,2022-12-05,Spain,UK,Cross-border,Scatter-Gather,"CROSS BORDER RISK",LOW
8942092633,3175190058,5695.87,2022-12-04,Morocco,UK,Cross-border,Fan_In,"CROSS BORDER RISK",LOW
7155736136,1316458123,5691.63,2022-10-07,UK,Mexico,Cross-border,Normal_Fan_In,"CROSS BORDER RISK",LOW
9053053995,6646502650,5672.42,2022-10-07,UK,France,Cross-border,Normal_Fan_In,"CROSS BORDER RISK",LOW
6456964355,6646502650,5664.27,2022-10-07,UK,France,Cross-border,Normal_Fan_In,"CROSS BORDER RISK",LOW
6631881018,3173291888,5558.96,2022-12-13,UK,Albania,Cross-border,Structuring,"CROSS BORDER RISK",MEDIUM
7206201403,2248766608,5540.87,2022-10-19,France,UK,Cross-border,Structuring,"CROSS BORDER RISK",LOW
7686371546,386440627,5533.19,2022-11-20,UK,Germany,Cross-border,Structuring,"CROSS BORDER RISK",LOW
8756167682,3173291888,5527.38,2022-12-07,UK,Albania,Cross-border,Structuring,"CROSS BORDER RISK",MEDIUM
3965420554,3754234469,5522.11,2022-12-15,UK,Spain,Cross-border,Structuring,"CROSS BORDER RISK",LOW
4525762763,4527536853,5504.80,2022-11-08,UK,Japan,Cross-border,"Stacked Bipartite","CROSS BORDER RISK",LOW
4636265179,3173291888,5500.71,2022-12-10,UK,Albania,Cross-border,Structuring,"CROSS BORDER RISK",MEDIUM
6697353281,386440627,5481.45,2022-11-15,UK,Germany,Cross-border,Structuring,"CROSS BORDER RISK",LOW
1339917371,386440627,5473.28,2022-11-18,UK,Germany,Cross-border,Structuring,"CROSS BORDER RISK",LOW
7443354461,3173291888,5462.89,2022-12-11,UK,Albania,Cross-border,Structuring,"CROSS BORDER RISK",MEDIUM
1544723191,386440627,5458.65,2022-11-19,UK,Germany,Cross-border,Structuring,"CROSS BORDER RISK",LOW
3614082527,7590986319,5457.70,2022-10-07,UK,Spain,Cross-border,Normal_Fan_Out,"CROSS BORDER RISK",LOW
8212330109,2534644942,5450.85,2022-10-07,UK,France,Cross-border,Normal_Fan_In,"CROSS BORDER RISK",LOW
5874519393,2248766608,5447.87,2022-11-09,UAE,UK,Cross-border,Structuring,"CROSS BORDER RISK",LOW
9501158882,6644790956,5434.06,2022-11-14,Albania,UK,Cross-border,Structuring,"CROSS BORDER RISK",LOW
7965472676,6646502650,5429.86,2022-10-07,UK,France,Cross-border,Normal_Fan_In,"CROSS BORDER RISK",LOW
7279271900,3173291888,5429.60,2022-10-09,UK,Albania,Cross-border,Structuring,"CROSS BORDER RISK",MEDIUM
3792189465,7080357663,5428.45,2022-10-07,Mexico,UK,Cross-border,Normal_Fan_In,"CROSS BORDER RISK",LOW
244832067,3754234469,5424.54,2022-12-10,Pakistan,Spain,Cross-border,Structuring,"CROSS BORDER RISK",LOW
8068502418,3173291888,5420.60,2022-12-09,UK,Albania,Cross-border,Structuring,"CROSS BORDER RISK",MEDIUM
3799325124,3754234469,5418.38,2022-12-11,UK,Spain,Cross-border,Structuring,"CROSS BORDER RISK",LOW
8212330109,2534644942,5412.81,2022-10-07,UK,France,Cross-border,Normal_Fan_In,"CROSS BORDER RISK",LOW
9792625103,3173291888,5411.62,2022-12-14,UK,Albania,Cross-border,Structuring,"CROSS BORDER RISK",MEDIUM
8212330109,2534644942,5399.53,2022-10-07,UK,France,Cross-border,Normal_Fan_In,"CROSS BORDER RISK",LOW
2173103945,6953672776,5395.33,2022-10-07,UK,Mexico,Cross-border,Normal_Fan_In,"CROSS BORDER RISK",LOW
7965472676,6646502650,5395.01,2022-10-07,UK,France,Cross-border,Normal_Fan_In,"CROSS BORDER RISK",LOW
6058562879,386440627,5387.98,2022-11-21,UK,Germany,Cross-border,Structuring,"CROSS BORDER RISK",LOW
8537288551,975871064,5379.18,2022-11-04,UK,Pakistan,Cross-border,Behavioural_Change_2,"CROSS BORDER RISK",MEDIUM
8166392165,8006681784,5355.35,2022-10-07,UK,Turkey,Cross-border,Normal_Periodical,"CROSS BORDER RISK",LOW
6663936621,3754234469,5352.43,2022-12-14,UK,Spain,Cross-border,Structuring,"CROSS BORDER RISK",LOW
3979625953,3623327233,5341.83,2022-10-10,UK,Spain,Cross-border,"Stacked Bipartite","CROSS BORDER RISK",LOW
3990611901,3754234469,5325.41,2022-12-13,UK,Spain,Cross-border,Structuring,"CROSS BORDER RISK",LOW
3271196078,386440627,5311.36,2022-11-22,UK,Germany,Cross-border,Structuring,"CROSS BORDER RISK",LOW
8094120479,5588112676,5298.27,2022-12-09,Italy,UK,Cross-border,"Stacked Bipartite","CROSS BORDER RISK",LOW
6558961368,3173291888,5289.42,2022-10-10,Turkey,Albania,Cross-border,Structuring,"CROSS BORDER RISK",MEDIUM
8778587933,3173291888,5285.66,2022-12-06,UK,Albania,Cross-border,Structuring,"CROSS BORDER RISK",MEDIUM
7990986315,3754234469,5273.51,2022-12-08,UK,Spain,Cross-border,Structuring,"CROSS BORDER RISK",LOW
1424693007,2692927449,5264.03,2022-10-21,UK,Nigeria,Cross-border,Behavioural_Change_2,"CROSS BORDER RISK",MEDIUM
8128089177,3754234469,5255.25,2022-12-12,UK,Spain,Cross-border,Structuring,"CROSS BORDER RISK",LOW
9334364016,7892884492,5255.05,2022-10-07,UK,USA,Cross-border,Normal_Fan_In,"CROSS BORDER RISK",LOW
7143010173,1493436023,5246.41,2022-10-07,Mexico,UK,Cross-border,Normal_Fan_In,"CROSS BORDER RISK",LOW
8660233283,5023341361,5238.24,2022-11-23,UK,USA,Cross-border,Layered_Fan_In,"CROSS BORDER RISK",LOW
9334364016,7892884492,5230.59,2022-10-07,UK,USA,Cross-border,Normal_Fan_In,"CROSS BORDER RISK",LOW
4020208629,4533942149,5227.48,2022-12-03,UK,Italy,Cross-border,Gather-Scatter,"CROSS BORDER RISK",LOW
9416949366,6032183994,5220.21,2022-12-03,UK,Pakistan,Cross-border,Behavioural_Change_2,"CROSS BORDER RISK",MEDIUM
4775429005,7523001726,5216.40,2022-11-12,Mexico,UK,Cross-border,Bipartite,"CROSS BORDER RISK",LOW
4775429005,8589177742,5213.43,2022-11-08,Mexico,UK,Cross-border,Bipartite,"CROSS BORDER RISK",LOW
9891968510,5023341361,5211.19,2022-11-22,UK,USA,Cross-border,Layered_Fan_In,"CROSS BORDER RISK",LOW
985146395,3173291888,5211.09,2022-12-08,Austria,Albania,Cross-border,Structuring,"CROSS BORDER RISK",MEDIUM
954553425,3220805794,5204.19,2022-12-12,UK,Turkey,Cross-border,Deposit-Send,"CROSS BORDER RISK",LOW
7905216304,3173291888,5202.84,2022-12-12,UK,Albania,Cross-border,Structuring,"CROSS BORDER RISK",MEDIUM
288448161,3754234469,5195.42,2022-12-14,UK,Spain,Cross-border,Structuring,"CROSS BORDER RISK",LOW
9562274039,1634056830,5180.62,2022-11-06,UK,Morocco,Cross-border,Deposit-Send,"CROSS BORDER RISK",MEDIUM
9334364016,7892884492,5174.64,2022-10-07,UK,USA,Cross-border,Normal_Fan_In,"CROSS BORDER RISK",LOW
4353995266,6646502650,5171.09,2022-10-07,UK,France,Cross-border,Normal_Fan_In,"CROSS BORDER RISK",LOW
7434320725,3754234469,5170.74,2022-12-09,UK,Spain,Cross-border,Structuring,"CROSS BORDER RISK",LOW
4382775538,390559734,5169.86,2022-11-09,Switzerland,UK,Cross-border,Bipartite,"CROSS BORDER RISK",LOW
9334364016,7892884492,5158.10,2022-10-07,UK,USA,Cross-border,Normal_Fan_In,"CROSS BORDER RISK",LOW
7900125583,3009831077,5157.16,2022-10-11,UK,UAE,Cross-border,Behavioural_Change_2,"CROSS BORDER RISK",LOW
5714926472,2534644942,5137.39,2022-10-07,UK,France,Cross-border,Normal_Fan_In,"CROSS BORDER RISK",LOW
8173887384,2965465245,5124.29,2022-12-14,UK,Austria,Cross-border,Behavioural_Change_2,"CROSS BORDER RISK",LOW
7501327339,3546968911,5068.46,2022-10-07,UK,Germany,Cross-border,Normal_Fan_Out,"CROSS BORDER RISK",LOW
7501327339,3546968911,5060.59,2022-10-07,UK,Germany,Cross-border,Normal_Fan_Out,"CROSS BORDER RISK",LOW
6018648917,1493634160,5053.48,2022-12-01,UK,India,Cross-border,Behavioural_Change_1,"CROSS BORDER RISK",LOW
6018648917,9762823713,5048.04,2022-11-27,UK,Germany,Cross-border,Behavioural_Change_1,"CROSS BORDER RISK",LOW
127154492,5103043844,5048.04,2022-10-07,UK,Nigeria,Cross-border,Normal_Fan_In,"CROSS BORDER RISK",MEDIUM
3149859158,8197196579,4993.70,2022-10-07,France,UK,Cross-border,Normal_Foward,"CROSS BORDER RISK",LOW
4251149720,9564185840,4985.09,2022-12-08,Morocco,UK,Cross-border,Scatter-Gather,"CROSS BORDER RISK",LOW
1378784400,8430883282,4968.61,2022-10-07,UK,Mexico,Cross-border,Normal_Fan_Out,"CROSS BORDER RISK",LOW
6141403326,5103043844,4966.06,2022-10-07,UK,Nigeria,Cross-border,Normal_Fan_In,"CROSS BORDER RISK",MEDIUM
3488949353,3975494843,4945.38,2022-11-26,UK,Morocco,Cross-border,Layered_Fan_In,"CROSS BORDER RISK",MEDIUM
1378784400,8430883282,4935.58,2022-10-07,UK,Mexico,Cross-border,Normal_Fan_Out,"CROSS BORDER RISK",LOW
4382775538,7523001726,4928.56,2022-11-13,Switzerland,UK,Cross-border,Bipartite,"CROSS BORDER RISK",LOW
1150155424,4221771322,4897.93,2022-10-07,Austria,UK,Cross-border,Normal_Small_Fan_Out,"CROSS BORDER RISK",LOW
818830460,3683164823,4889.83,2022-11-29,UK,France,Cross-border,Behavioural_Change_1,"CROSS BORDER RISK",LOW
9484189386,3143116829,4887.57,2022-11-30,UK,Japan,Cross-border,"Stacked Bipartite","CROSS BORDER RISK",LOW
6568147162,5336032152,4820.46,2022-11-11,UK,Turkey,Cross-border,Structuring,"CROSS BORDER RISK",LOW
8537288551,2655675972,4798.65,2022-10-26,UK,Morocco,Cross-border,Behavioural_Change_2,"CROSS BORDER RISK",MEDIUM
55381759,7116470616,4794.09,2022-11-22,Mexico,UK,Cross-border,Scatter-Gather,"CROSS BORDER RISK",LOW
4550948935,538271136,4789.96,2022-11-28,UK,Morocco,Cross-border,Deposit-Send,"CROSS BORDER RISK",MEDIUM
7832092963,7748494288,4756.83,2022-12-10,UK,USA,Cross-border,Structuring,"CROSS BORDER RISK",LOW
8684916519,5336032152,4755.30,2022-11-04,UK,Turkey,Cross-border,Structuring,"CROSS BORDER RISK",LOW
7190719389,6123421761,4748.08,2022-10-18,Nigeria,UK,Cross-border,Structuring,"CROSS BORDER RISK",LOW
1675743409,7748494288,4738.87,2022-12-06,UK,USA,Cross-border,Structuring,"CROSS BORDER RISK",LOW
8028059135,7748494288,4736.97,2022-12-04,UK,USA,Cross-border,Structuring,"CROSS BORDER RISK",LOW
2065685062,5336032152,4736.40,2022-11-09,UK,Turkey,Cross-border,Structuring,"CROSS BORDER RISK",LOW
9303470721,5336032152,4731.48,2022-11-06,UK,Turkey,Cross-border,Structuring,"CROSS BORDER RISK",LOW
7657551830,8094120479,4726.30,2022-11-26,UK,Italy,Cross-border,"Stacked Bipartite","CROSS BORDER RISK",LOW
1102444547,9875272308,4720.37,2022-12-10,UK,Spain,Cross-border,Layered_Fan_In,"CROSS BORDER RISK",LOW
4208029954,7748494288,4714.37,2022-12-07,UK,USA,Cross-border,Structuring,"CROSS BORDER RISK",LOW
9725749581,5336032152,4711.68,2022-11-08,UK,Turkey,Cross-border,Structuring,"CROSS BORDER RISK",LOW
1669265788,7748494288,4687.80,2022-12-05,UK,USA,Cross-border,Structuring,"CROSS BORDER RISK",LOW
2305137294,5336032152,4676.70,2022-11-07,UK,Turkey,Cross-border,Structuring,"CROSS BORDER RISK",LOW
9036440190,5336032152,4673.23,2022-11-10,UK,Turkey,Cross-border,Structuring,"CROSS BORDER RISK",LOW
8282676132,6060853662,4672.59,2022-10-07,Mexico,UK,Cross-border,Normal_Small_Fan_Out,"CROSS BORDER RISK",LOW
1926054413,5336032152,4660.40,2022-11-05,UAE,Turkey,Cross-border,Structuring,"CROSS BORDER RISK",LOW
6988324584,5336032152,4657.97,2022-11-03,UK,Turkey,Cross-border,Structuring,"CROSS BORDER RISK",LOW
4121324384,148220861,4619.17,2022-10-07,Spain,France,Cross-border,Normal_Fan_Out,"CROSS BORDER RISK",LOW
6630556764,9101431692,4602.97,2022-11-13,UK,Pakistan,Cross-border,Structuring,"CROSS BORDER RISK",MEDIUM
3919593175,194129147,4599.56,2022-12-13,UK,Morocco,Cross-border,Structuring,"CROSS BORDER RISK",MEDIUM
4551306098,9101431692,4585.12,2022-11-07,UK,Pakistan,Cross-border,Structuring,"CROSS BORDER RISK",MEDIUM
1173553473,9101431692,4564.68,2022-11-11,UK,Pakistan,Cross-border,Structuring,"CROSS BORDER RISK",MEDIUM
198403508,1316458123,4560.82,2022-10-07,UK,Mexico,Cross-border,Normal_Fan_In,"CROSS BORDER RISK",LOW
198403508,1316458123,4556.52,2022-10-07,UK,Mexico,Cross-border,Normal_Fan_In,"CROSS BORDER RISK",LOW
1657379341,9101431692,4555.86,2022-11-15,UK,Pakistan,Cross-border,Structuring,"CROSS BORDER RISK",MEDIUM
6380185082,1316458123,4544.74,2022-10-07,UK,Mexico,Cross-border,Normal_Fan_In,"CROSS BORDER RISK",LOW
8501920513,2121314434,4536.38,2022-10-11,UK,Morocco,Cross-border,Behavioural_Change_2,"CROSS BORDER RISK",MEDIUM
8197072010,7656126612,4534.45,2022-11-06,UK,Albania,Cross-border,Behavioural_Change_2,"CROSS BORDER RISK",MEDIUM
1241244322,9101431692,4523.59,2022-11-14,Morocco,Pakistan,Cross-border,Structuring,"CROSS BORDER RISK",MEDIUM
6989271965,4633251124,4496.99,2022-11-30,UK,Nigeria,Cross-border,Behavioural_Change_2,"CROSS BORDER RISK",MEDIUM
5200424058,5444826363,4489.75,2022-12-13,UK,Germany,Cross-border,Layered_Fan_Out,"CROSS BORDER RISK",LOW
7263384547,5794331781,4486.16,2022-12-11,UK,Pakistan,Cross-border,Deposit-Send,"CROSS BORDER RISK",MEDIUM
3950352859,5454032169,4485.91,2022-11-03,UK,Pakistan,Cross-border,Behavioural_Change_1,"CROSS BORDER RISK",MEDIUM
5872542769,194129147,4481.47,2022-12-13,UK,Morocco,Cross-border,Structuring,"CROSS BORDER RISK",MEDIUM
6082530241,9210556116,4479.21,2022-11-27,UK,Spain,Cross-border,Layered_Fan_In,"CROSS BORDER RISK",LOW
5813296620,7151718803,4477.03,2022-10-07,India,UK,Cross-border,Normal_Small_Fan_Out,"CROSS BORDER RISK",LOW
8203229522,5254058209,4464.97,2022-10-07,UK,UAE,Cross-border,Normal_Fan_Out,"CROSS BORDER RISK",LOW
692686678,7748494288,4464.39,2022-12-09,UK,USA,Cross-border,Structuring,"CROSS BORDER RISK",LOW
5917350547,7779452261,4450.69,2022-11-26,Netherlands,Spain,Cross-border,Fan_Out,"CROSS BORDER RISK",LOW
6598676049,7748494288,4448.48,2022-12-02,UK,USA,Cross-border,Structuring,"CROSS BORDER RISK",LOW
1180835223,194129147,4445.65,2022-12-14,UK,Morocco,Cross-border,Structuring,"CROSS BORDER RISK",MEDIUM
4121324384,7840880332,4438.45,2022-10-07,Spain,UK,Cross-border,Normal_Fan_Out,"CROSS BORDER RISK",LOW
3814772835,617354790,4407.23,2022-12-08,UK,India,Cross-border,Layered_Fan_Out,"CROSS BORDER RISK",LOW
8417752885,1106513551,4405.45,2022-11-27,UK,France,Cross-border,Deposit-Send,"CROSS BORDER RISK",LOW
1491989064,5088960637,4404.09,2022-10-07,UK,Switzerland,Cross-border,Normal_Fan_Out,"CROSS BORDER RISK",LOW
9482065091,9101431692,4402.77,2022-11-16,UK,Pakistan,Cross-border,Structuring,"CROSS BORDER RISK",MEDIUM
1278425401,9931539215,4402.06,2022-11-21,UK,Morocco,Cross-border,Deposit-Send,"CROSS BORDER RISK",MEDIUM
5021785800,4065028145,4395.54,2022-10-07,UK,Austria,Cross-border,Normal_Fan_Out,"CROSS BORDER RISK",LOW
5021785800,4065028145,4377.04,2022-10-07,UK,Austria,Cross-border,Normal_Fan_Out,"CROSS BORDER RISK",LOW
5021785800,4065028145,4376.53,2022-10-07,UK,Austria,Cross-border,Normal_Fan_Out,"CROSS BORDER RISK",LOW
8203229522,5254058209,4368.21,2022-10-07,UK,UAE,Cross-border,Normal_Fan_Out,"CROSS BORDER RISK",LOW
3885905606,6167974037,4352.29,2022-10-20,UK,Albania,Cross-border,Behavioural_Change_1,"CROSS BORDER RISK",MEDIUM
7911678176,6890773508,4352.05,2022-10-20,Japan,UK,Cross-border,Structuring,"CROSS BORDER RISK",LOW
3302760648,8598528000,4348.07,2022-12-04,UK,UAE,Cross-border,Deposit-Send,"CROSS BORDER RISK",LOW
7993303298,9101431692,4342.43,2022-11-09,UK,Pakistan,Cross-border,Structuring,"CROSS BORDER RISK",MEDIUM
2161928970,6890773508,4337.60,2022-10-18,Switzerland,UK,Cross-border,Structuring,"CROSS BORDER RISK",LOW
905853715,8558866681,4327.58,2022-12-06,India,UK,Cross-border,Structuring,"CROSS BORDER RISK",LOW
6018648917,95462597,4316.88,2022-12-05,UK,Nigeria,Cross-border,Behavioural_Change_1,"CROSS BORDER RISK",MEDIUM
3895286750,6174768568,4310.36,2022-10-07,UK,Japan,Cross-border,Layered_Fan_Out,"CROSS BORDER RISK",LOW
6694937673,8237899279,4299.36,2022-12-06,UK,Nigeria,Cross-border,Layered_Fan_Out,"CROSS BORDER RISK",MEDIUM
1099653962,3790148325,4299.15,2022-11-20,Italy,UK,Cross-border,Structuring,"CROSS BORDER RISK",LOW
3168051873,7611326985,4298.88,2022-10-07,UK,India,Cross-border,Normal_Fan_Out,"CROSS BORDER RISK",LOW
6123762963,2979548522,4283.09,2022-10-21,UK,Albania,Cross-border,Behavioural_Change_1,"CROSS BORDER RISK",MEDIUM
9939335199,9101431692,4282.07,2022-11-10,UK,Pakistan,Cross-border,Structuring,"CROSS BORDER RISK",MEDIUM
4550948935,2020652333,4279.63,2022-10-28,UK,UAE,Cross-border,Deposit-Send,"CROSS BORDER RISK",LOW
1291265097,8201057754,4273.93,2022-10-08,Italy,UK,Cross-border,"Stacked Bipartite","CROSS BORDER RISK",LOW
1572292180,194129147,4250.98,2022-12-15,UK,Morocco,Cross-border,Structuring,"CROSS BORDER RISK",MEDIUM
930766233,9101431692,4213.69,2022-11-12,UK,Pakistan,Cross-border,Structuring,"CROSS BORDER RISK",MEDIUM
4734287837,9101431692,4210.11,2022-11-08,UK,Pakistan,Cross-border,Structuring,"CROSS BORDER RISK",MEDIUM
3873090207,4497771501,4174.32,2022-10-16,UK,Nigeria,Cross-border,Structuring,"CROSS BORDER RISK",MEDIUM
8537288551,710866686,4160.59,2022-10-31,UK,UAE,Cross-border,Behavioural_Change_2,"CROSS BORDER RISK",LOW
2509459814,9880023391,4134.53,2022-11-15,UK,Switzerland,Cross-border,Layered_Fan_Out,"CROSS BORDER RISK",LOW
8660073261,3790148325,4129.19,2022-11-09,Spain,UK,Cross-border,Structuring,"CROSS BORDER RISK",LOW
9707989791,4497771501,4123.44,2022-10-15,UK,Nigeria,Cross-border,Structuring,"CROSS BORDER RISK",MEDIUM
7900125583,7803522559,4118.34,2022-10-08,UK,Turkey,Cross-border,Behavioural_Change_2,"CROSS BORDER RISK",LOW
2420393246,4965323415,4103.20,2022-10-28,UK,Turkey,Cross-border,Deposit-Send,"CROSS BORDER RISK",LOW
6854382721,9214218788,4096.48,2022-11-08,UK,Morocco,Cross-border,Deposit-Send,"CROSS BORDER RISK",MEDIUM
3046750994,5709569908,4085.77,2022-10-11,USA,UK,Cross-border,Structuring,"CROSS BORDER RISK",LOW
4202589878,6844529387,4046.92,2022-11-17,India,UK,Cross-border,Structuring,"CROSS BORDER RISK",LOW
6406723714,8379323048,4037.49,2022-12-11,UK,Albania,Cross-border,Structuring,"CROSS BORDER RISK",MEDIUM
3393308952,5046753153,4032.49,2022-11-09,Germany,UK,Cross-border,Structuring,"CROSS BORDER RISK",LOW
6877733892,8570419342,4016.43,2022-10-07,UK,Switzerland,Cross-border,Normal_Small_Fan_Out,"CROSS BORDER RISK",LOW
2060128523,7123586124,3996.79,2022-10-29,UK,Nigeria,Cross-border,Deposit-Send,"CROSS BORDER RISK",MEDIUM
5617532830,4497771501,3985.42,2022-10-10,Mexico,Nigeria,Cross-border,Structuring,"CROSS BORDER RISK",MEDIUM
8340949665,8379323048,3979.32,2022-12-14,Switzerland,Albania,Cross-border,Structuring,"CROSS BORDER RISK",MEDIUM
1424693007,7253924352,3972.24,2022-10-24,UK,Turkey,Cross-border,Behavioural_Change_2,"CROSS BORDER RISK",LOW
4501271268,4497771501,3966.93,2022-10-08,UK,Nigeria,Cross-border,Structuring,"CROSS BORDER RISK",MEDIUM
8753869372,4497771501,3963.62,2022-10-13,UK,Nigeria,Cross-border,Structuring,"CROSS BORDER RISK",MEDIUM
5783727027,6844529387,3962.73,2022-11-24,India,UK,Cross-border,Structuring,"CROSS BORDER RISK",LOW
445154846,4497771501,3957.87,2022-10-07,UK,Nigeria,Cross-border,Structuring,"CROSS BORDER RISK",MEDIUM
1422891634,4497771501,3919.79,2022-10-11,UK,Nigeria,Cross-border,Structuring,"CROSS BORDER RISK",MEDIUM
4251149720,2388098725,3916.95,2022-12-08,Morocco,UK,Cross-border,Scatter-Gather,"CROSS BORDER RISK",LOW
7877257337,4497771501,3904.73,2022-10-12,UK,Nigeria,Cross-border,Structuring,"CROSS BORDER RISK",MEDIUM
675669049,4497771501,3892.57,2022-10-14,UK,Nigeria,Cross-border,Structuring,"CROSS BORDER RISK",MEDIUM
1775046511,4497771501,3867.03,2022-10-09,UK,Nigeria,Cross-border,Structuring,"CROSS BORDER RISK",MEDIUM
9444956233,8202539172,3860.81,2022-10-07,Japan,UK,Cross-border,Fan_In,"CROSS BORDER RISK",LOW
2176135093,4723035903,3837.67,2022-10-18,Switzerland,Italy,Cross-border,Structuring,"CROSS BORDER RISK",LOW
346811235,4723035903,3828.70,2022-10-14,Morocco,Italy,Cross-border,Structuring,"CROSS BORDER RISK",LOW
5243611436,8379323048,3805.14,2022-12-15,UAE,Albania,Cross-border,Structuring,"CROSS BORDER RISK",MEDIUM
8178792185,4723035903,3768.30,2022-10-20,UK,Italy,Cross-border,Structuring,"CROSS BORDER RISK",LOW
9332541212,1077741499,3750.32,2022-10-08,UK,Mexico,Cross-border,Layered_Fan_Out,"CROSS BORDER RISK",LOW
6986759835,5336032152,3748.69,2022-12-13,UK,Turkey,Cross-border,Structuring,"CROSS BORDER RISK",LOW
1009483043,4223008197,3720.32,2022-10-07,Germany,UK,Cross-border,Normal_Small_Fan_Out,"CROSS BORDER RISK",LOW
2390385700,8379323048,3708.46,2022-12-12,UK,Albania,Cross-border,Structuring,"CROSS BORDER RISK",MEDIUM
5576849137,5336032152,3695.85,2022-12-14,UK,Turkey,Cross-border,Structuring,"CROSS BORDER RISK",LOW
6545638988,4723035903,3671.30,2022-10-17,France,Italy,Cross-border,Structuring,"CROSS BORDER RISK",LOW
4192345805,3213443371,3670.84,2022-12-15,UK,Japan,Cross-border,Structuring,"CROSS BORDER RISK",LOW
4055968047,3213443371,3659.67,2022-12-12,UK,Japan,Cross-border,Structuring,"CROSS BORDER RISK",LOW
8849558846,9108447968,3657.87,2022-11-04,UK,France,Cross-border,Structuring,"CROSS BORDER RISK",LOW
3912741326,1757764863,3654.46,2022-11-07,Morocco,UK,Cross-border,Structuring,"CROSS BORDER RISK",LOW
3226909844,2443617213,3639.55,2022-11-06,UK,Japan,Cross-border,Layered_Fan_Out,"CROSS BORDER RISK",LOW
934071139,3213443371,3638.46,2022-12-14,UK,Japan,Cross-border,Structuring,"CROSS BORDER RISK",LOW
7089073424,3213443371,3635.61,2022-12-13,UK,Japan,Cross-border,Structuring,"CROSS BORDER RISK",LOW
1060260852,2324031931,3620.65,2022-10-07,UK,Italy,Cross-border,Normal_Small_Fan_Out,"CROSS BORDER RISK",LOW
5392755044,2544092504,3611.40,2022-10-07,UAE,UK,Cross-border,Normal_Group,"CROSS BORDER RISK",LOW
1792169085,2678131952,3609.91,2022-11-11,UK,Morocco,Cross-border,Deposit-Send,"CROSS BORDER RISK",MEDIUM
6018648917,1331754702,3609.21,2022-11-27,UK,India,Cross-border,Behavioural_Change_1,"CROSS BORDER RISK",LOW
4599310239,4723035903,3579.02,2022-10-19,UK,Italy,Cross-border,Structuring,"CROSS BORDER RISK",LOW
2337289637,4723035903,3559.89,2022-10-13,UK,Italy,Cross-border,Structuring,"CROSS BORDER RISK",LOW
5017378989,1757764863,3544.46,2022-11-06,Japan,UK,Cross-border,Structuring,"CROSS BORDER RISK",LOW
7973807879,4723035903,3524.40,2022-10-16,UK,Italy,Cross-border,Structuring,"CROSS BORDER RISK",LOW
5521904664,7772352930,3524.03,2022-12-09,Japan,UK,Cross-border,Structuring,"CROSS BORDER RISK",LOW
7860334742,7772352930,3520.75,2022-12-14,Nigeria,UK,Cross-border,Structuring,"CROSS BORDER RISK",LOW
5191792876,4723035903,3518.82,2022-10-12,UK,Italy,Cross-border,Structuring,"CROSS BORDER RISK",LOW
4913551727,4723035903,3514.93,2022-10-15,UK,Italy,Cross-border,Structuring,"CROSS BORDER RISK",LOW
2889112657,9108447968,3497.93,2022-11-06,UK,France,Cross-border,Structuring,"CROSS BORDER RISK",LOW
6123762963,6350972201,3495.20,2022-10-22,UK,Nigeria,Cross-border,Behavioural_Change_1,"CROSS BORDER RISK",MEDIUM
9488075004,9108447968,3486.82,2022-11-10,UK,France,Cross-border,Structuring,"CROSS BORDER RISK",LOW
6891062860,4505191453,3479.70,2022-11-24,UK,Austria,Cross-border,Deposit-Send,"CROSS BORDER RISK",LOW
9795472752,7772352930,3466.11,2022-12-13,Germany,UK,Cross-border,Structuring,"CROSS BORDER RISK",LOW
27721201,1538331336,3459.89,2022-10-07,Pakistan,UK,Cross-border,Normal_Small_Fan_Out,"CROSS BORDER RISK",LOW
1233589069,9108447968,3452.10,2022-11-09,UK,France,Cross-border,Structuring,"CROSS BORDER RISK",LOW
8668041009,9108447968,3432.96,2022-11-13,UAE,France,Cross-border,Structuring,"CROSS BORDER RISK",LOW
2482701161,7772352930,3399.15,2022-12-12,Netherlands,UK,Cross-border,Structuring,"CROSS BORDER RISK",LOW
7335976595,9108447968,3395.52,2022-11-12,UK,France,Cross-border,Structuring,"CROSS BORDER RISK",LOW
9233324207,9108447968,3391.79,2022-11-11,UK,France,Cross-border,Structuring,"CROSS BORDER RISK",LOW
5358114791,1757764863,3390.36,2022-11-04,India,UK,Cross-border,Structuring,"CROSS BORDER RISK",LOW
8600542721,8804315251,3355.95,2022-10-12,UK,Mexico,Cross-border,Behavioural_Change_1,"CROSS BORDER RISK",LOW
6042344622,2527215295,3292.99,2022-11-24,UK,Morocco,Cross-border,Deposit-Send,"CROSS BORDER RISK",MEDIUM
5748489103,5971760311,3252.35,2022-10-07,UK,USA,Cross-border,Behavioural_Change_1,"CROSS BORDER RISK",LOW
9471903835,6985374793,3240.13,2022-10-18,UAE,UK,Cross-border,Structuring,"CROSS BORDER RISK",LOW
6495167395,1036966315,3229.54,2022-10-07,UK,Morocco,Cross-border,Normal_Small_Fan_Out,"CROSS BORDER RISK",MEDIUM
2443617213,1187207050,3229.28,2022-11-19,Japan,UK,Cross-border,Layered_Fan_Out,"CROSS BORDER RISK",LOW
3950352859,9363716433,3209.19,2022-10-31,UK,Spain,Cross-border,Behavioural_Change_1,"CROSS BORDER RISK",LOW
4721051060,21609978,3179.44,2022-10-07,Mexico,UK,Cross-border,Normal_Plus_Mutual,"CROSS BORDER RISK",LOW
9050785104,9709712276,3116.06,2022-12-12,UK,Mexico,Cross-border,Deposit-Send,"CROSS BORDER RISK",LOW
6018648917,1683826585,3082.09,2022-11-30,UK,Mexico,Cross-border,Behavioural_Change_1,"CROSS BORDER RISK",LOW
2876703970,3140946181,3064.21,2022-11-15,Netherlands,UK,Cross-border,Structuring,"CROSS BORDER RISK",LOW
3992084410,7856837871,3025.15,2022-11-17,Turkey,UK,Cross-border,Structuring,"CROSS BORDER RISK",LOW
897254603,329034696,2994.33,2022-10-07,UK,UAE,Cross-border,Normal_Small_Fan_Out,"CROSS BORDER RISK",LOW
9416949366,392741709,2948.69,2022-11-30,UK,UAE,Cross-border,Behavioural_Change_2,"CROSS BORDER RISK",LOW
3950352859,3305794289,2869.29,2022-11-05,UK,Italy,Cross-border,Behavioural_Change_1,"CROSS BORDER RISK",LOW
3141178923,3175190058,2863.04,2022-12-03,Japan,UK,Cross-border,Fan_In,"CROSS BORDER RISK",LOW
1147093613,1665774528,2850.79,2022-11-14,India,UK,Cross-border,Structuring,"CROSS BORDER RISK",LOW
531041847,6459572017,2847.37,2022-10-20,UK,Spain,Cross-border,Behavioural_Change_1,"CROSS BORDER RISK",LOW
1999169946,3140946181,2836.66,2022-11-14,Italy,UK,Cross-border,Structuring,"CROSS BORDER RISK",LOW
2875874575,7862289914,2824.06,2022-10-11,UK,Italy,Cross-border,Deposit-Send,"CROSS BORDER RISK",LOW
6989271965,8978752048,2809.54,2022-11-29,UK,Turkey,Cross-border,Behavioural_Change_2,"CROSS BORDER RISK",LOW
5403364143,7861022135,2791.65,2022-12-12,USA,UK,Cross-border,Structuring,"CROSS BORDER RISK",LOW
7900125583,7625945339,2768.71,2022-10-09,UK,Nigeria,Cross-border,Behavioural_Change_2,"CROSS BORDER RISK",MEDIUM
1509134836,1665774528,2735.15,2022-11-09,India,UK,Cross-border,Structuring,"CROSS BORDER RISK",LOW
8108846158,4606268887,2733.71,2022-12-14,Turkey,UK,Cross-border,Fan_In,"CROSS BORDER RISK",LOW
3885905606,5187141445,2699.51,2022-10-23,UK,UAE,Cross-border,Behavioural_Change_1,"CROSS BORDER RISK",LOW
403526894,2819441865,2666.69,2022-10-14,UK,Switzerland,Cross-border,Behavioural_Change_1,"CROSS BORDER RISK",LOW
582901738,6985374793,2654.16,2022-11-09,Spain,UK,Cross-border,Structuring,"CROSS BORDER RISK",LOW
6345198198,5764915429,2634.29,2022-10-31,UK,Germany,Cross-border,Behavioural_Change_1,"CROSS BORDER RISK",LOW
4594499722,4640313505,2578.13,2022-11-28,UK,Germany,Cross-border,Behavioural_Change_1,"CROSS BORDER RISK",LOW
4121839534,2331522463,2570.55,2022-10-07,UK,Austria,Cross-border,Normal_Small_Fan_Out,"CROSS BORDER RISK",LOW
7774176446,7441547021,2568.60,2022-10-07,UK,Morocco,Cross-border,Normal_Small_Fan_Out,"CROSS BORDER RISK",MEDIUM
1132467225,386440627,2554.20,2022-12-12,UK,Germany,Cross-border,Structuring,"CROSS BORDER RISK",LOW
7745550709,386440627,2541.34,2022-12-13,Italy,Germany,Cross-border,Structuring,"CROSS BORDER RISK",LOW
6117816069,386440627,2530.68,2022-12-11,UK,Germany,Cross-border,Structuring,"CROSS BORDER RISK",LOW
2004502234,6123421761,2515.19,2022-12-10,Pakistan,UK,Cross-border,Structuring,"CROSS BORDER RISK",LOW
6744599788,4017429201,2513.58,2022-11-30,UK,Pakistan,Cross-border,Behavioural_Change_2,"CROSS BORDER RISK",MEDIUM
9033402837,386440627,2475.60,2022-12-14,UK,Germany,Cross-border,Structuring,"CROSS BORDER RISK",LOW
2060128523,4295141338,2457.84,2022-12-07,UK,Turkey,Cross-border,Deposit-Send,"CROSS BORDER RISK",LOW
1203252958,8500212178,2438.30,2022-10-07,UK,Mexico,Cross-border,Normal_Group,"CROSS BORDER RISK",LOW
3950352859,4018210228,2405.55,2022-11-02,UK,India,Cross-border,Behavioural_Change_1,"CROSS BORDER RISK",LOW
1176466153,9660543067,2402.83,2022-12-15,UK,Switzerland,Cross-border,Cycle,"CROSS BORDER RISK",LOW
7192588619,5484733508,2400.27,2022-12-15,UK,India,Cross-border,Behavioural_Change_1,"CROSS BORDER RISK",LOW
8263786289,2058371508,2354.30,2022-10-27,Austria,UK,Cross-border,Fan_In,"CROSS BORDER RISK",LOW
9050785104,8793432690,2336.78,2022-11-30,UK,Albania,Cross-border,Deposit-Send,"CROSS BORDER RISK",MEDIUM
9352740070,5218803866,2310.75,2022-10-08,UK,Italy,Cross-border,Structuring,"CROSS BORDER RISK",LOW
5074743934,5218803866,2302.40,2022-10-10,UK,Italy,Cross-border,Structuring,"CROSS BORDER RISK",LOW
4533141883,459201377,2291.54,2022-10-11,Nigeria,UK,Cross-border,Structuring,"CROSS BORDER RISK",LOW
819399232,5218803866,2280.62,2022-10-11,UK,Italy,Cross-border,Structuring,"CROSS BORDER RISK",LOW
6744599788,1908978698,2277.46,2022-11-29,UK,Morocco,Cross-border,Behavioural_Change_2,"CROSS BORDER RISK",MEDIUM
9599002502,5218803866,2259.18,2022-10-15,UK,Italy,Cross-border,Structuring,"CROSS BORDER RISK",LOW
403526894,1181210781,2254.57,2022-10-14,UK,Netherlands,Cross-border,Behavioural_Change_1,"CROSS BORDER RISK",LOW
3342935265,5218803866,2243.66,2022-10-12,UK,Italy,Cross-border,Structuring,"CROSS BORDER RISK",LOW
9658846243,4500240470,2236.24,2022-11-20,UK,Turkey,Cross-border,Deposit-Send,"CROSS BORDER RISK",LOW
476800554,9899077221,2227.73,2022-11-06,UK,Austria,Cross-border,Deposit-Send,"CROSS BORDER RISK",LOW
3941982399,7542072066,2210.55,2022-10-07,UK,India,Cross-border,Normal_Small_Fan_Out,"CROSS BORDER RISK",LOW
6051946283,5218803866,2194.59,2022-10-16,UK,Italy,Cross-border,Structuring,"CROSS BORDER RISK",LOW
9107206798,459201377,2193.31,2022-10-09,Switzerland,UK,Cross-border,Structuring,"CROSS BORDER RISK",LOW
2447476655,5218803866,2177.23,2022-10-13,USA,Italy,Cross-border,Structuring,"CROSS BORDER RISK",LOW
2166563883,1982494436,2150.35,2022-10-19,UK,Mexico,Cross-border,Deposit-Send,"CROSS BORDER RISK",LOW
6716795265,2394671007,2147.23,2022-10-07,UK,Albania,Cross-border,Normal_Small_Fan_Out,"CROSS BORDER RISK",MEDIUM
7192588619,4672235191,2143.25,2022-12-15,UK,Austria,Cross-border,Behavioural_Change_1,"CROSS BORDER RISK",LOW
6726922016,8522900987,2108.56,2022-11-11,UK,Switzerland,Cross-border,Deposit-Send,"CROSS BORDER RISK",LOW
9416949366,43019141,2086.52,2022-11-27,UK,Mexico,Cross-border,Behavioural_Change_2,"CROSS BORDER RISK",LOW
1265983749,4744425638,2069.64,2022-10-07,UK,UAE,Cross-border,Normal_Small_Fan_Out,"CROSS BORDER RISK",LOW
3950352859,6634393258,2044.98,2022-10-27,UK,Germany,Cross-border,Behavioural_Change_1,"CROSS BORDER RISK",LOW
6630578269,5504235715,2026.85,2022-10-07,UK,Japan,Cross-border,Normal_Small_Fan_Out,"CROSS BORDER RISK",LOW
8501920513,4692318788,1972.23,2022-10-15,UK,Pakistan,Cross-border,Behavioural_Change_2,"CROSS BORDER RISK",MEDIUM
7017008854,3714297114,1971.15,2022-10-07,UK,Spain,Cross-border,Normal_Small_Fan_Out,"CROSS BORDER RISK",LOW
461573471,9054988654,1961.38,2022-10-07,UK,Morocco,Cross-border,Normal_Small_Fan_Out,"CROSS BORDER RISK",MEDIUM
5045265825,3571079151,1882.95,2022-11-20,UK,Pakistan,Cross-border,Deposit-Send,"CROSS BORDER RISK",MEDIUM
7227951716,3427964756,1863.64,2022-10-07,UK,USA,Cross-border,Normal_Small_Fan_Out,"CROSS BORDER RISK",LOW
3950352859,1574251475,1791.72,2022-11-05,UK,Italy,Cross-border,Behavioural_Change_1,"CROSS BORDER RISK",LOW
8600542721,9544921548,1787.20,2022-10-15,UK,Spain,Cross-border,Behavioural_Change_1,"CROSS BORDER RISK",LOW
4594499722,1016363930,1781.84,2022-12-03,UK,Japan,Cross-border,Behavioural_Change_1,"CROSS BORDER RISK",LOW
4594499722,136904137,1747.58,2022-12-06,UK,India,Cross-border,Behavioural_Change_1,"CROSS BORDER RISK",LOW
6123762963,5270630718,1718.46,2022-10-30,UK,Mexico,Cross-border,Behavioural_Change_1,"CROSS BORDER RISK",LOW
4696164729,7882637641,1673.70,2022-10-07,UK,France,Cross-border,Normal_Small_Fan_Out,"CROSS BORDER RISK",LOW
892793859,9346701114,1652.65,2022-10-07,UK,France,Cross-border,Normal_Small_Fan_Out,"CROSS BORDER RISK",LOW
9889461052,8627691888,1621.21,2022-10-07,Morocco,UK,Cross-border,Normal_Small_Fan_Out,"CROSS BORDER RISK",LOW
9416949366,4881012889,1556.33,2022-12-03,UK,Turkey,Cross-border,Behavioural_Change_2,"CROSS BORDER RISK",LOW
4231385822,6244231175,1485.42,2022-10-07,UK,Mexico,Cross-border,Normal_Group,"CROSS BORDER RISK",LOW
6123762963,6053228415,1459.66,2022-10-21,UK,France,Cross-border,Behavioural_Change_1,"CROSS BORDER RISK",LOW
7367118749,6691833511,1430.75,2022-10-07,Japan,UK,Cross-border,Normal_Small_Fan_Out,"CROSS BORDER RISK",LOW
7367118749,9296687933,1428.60,2022-10-07,Japan,UK,Cross-border,Normal_Small_Fan_Out,"CROSS BORDER RISK",LOW
8197072010,2935036107,1423.33,2022-11-03,UK,Turkey,Cross-border,Behavioural_Change_2,"CROSS BORDER RISK",LOW
8600542721,7863533708,1387.65,2022-10-10,UK,Switzerland,Cross-border,Behavioural_Change_1,"CROSS BORDER RISK",LOW
5844004044,4528021946,1386.38,2022-10-07,India,UK,Cross-border,Normal_Group,"CROSS BORDER RISK",LOW
637737742,6491249960,1341.21,2022-10-07,UK,Switzerland,Cross-border,Normal_Small_Fan_Out,"CROSS BORDER RISK",LOW
8537288551,3566365216,1338.35,2022-10-26,UK,Pakistan,Cross-border,Behavioural_Change_2,"CROSS BORDER RISK",MEDIUM
6345198198,8576546352,1297.54,2022-11-05,UK,Japan,Cross-border,Behavioural_Change_1,"CROSS BORDER RISK",LOW
7044608957,9830312092,1270.82,2022-10-07,UK,India,Cross-border,Normal_Small_Fan_Out,"CROSS BORDER RISK",LOW
5108529656,1213931889,1226.72,2022-11-28,UK,Japan,Cross-border,Deposit-Send,"CROSS BORDER RISK",LOW
2420393246,5378639802,1223.57,2022-12-14,UK,Austria,Cross-border,Deposit-Send,"CROSS BORDER RISK",LOW
6345198198,5683205660,1185.51,2022-10-27,UK,Japan,Cross-border,Behavioural_Change_1,"CROSS BORDER RISK",LOW
5793273539,9040841762,1169.09,2022-12-15,UK,Mexico,Cross-border,Behavioural_Change_2,"CROSS BORDER RISK",LOW
6042344622,7924000009,1165.29,2022-10-13,UK,UAE,Cross-border,Deposit-Send,"CROSS BORDER RISK",LOW
3885905606,658360688,1100.63,2022-10-20,UK,USA,Cross-border,Behavioural_Change_1,"CROSS BORDER RISK",LOW
6018648917,912573507,1054.94,2022-11-27,UK,Germany,Cross-border,Behavioural_Change_1,"CROSS BORDER RISK",LOW
5748489103,5373239176,1053.49,2022-10-11,UK,Nigeria,Cross-border,Behavioural_Change_1,"CROSS BORDER RISK",MEDIUM
846554893,9143778831,1039.74,2022-10-07,UK,Turkey,Cross-border,Normal_Small_Fan_Out,"CROSS BORDER RISK",LOW
6117648350,8867663323,995.39,2022-10-07,Turkey,UK,Cross-border,Normal_Small_Fan_Out,"CROSS BORDER RISK",LOW
6989271965,7750781567,986.36,2022-11-26,UK,Albania,Cross-border,Behavioural_Change_2,"CROSS BORDER RISK",MEDIUM
5793273539,8740247906,941.26,2022-12-14,UK,Austria,Cross-border,Behavioural_Change_2,"CROSS BORDER RISK",LOW
7746906760,9484198252,927.49,2022-10-07,UK,Spain,Cross-border,Normal_Small_Fan_Out,"CROSS BORDER RISK",LOW
8197072010,148759130,913.07,2022-11-09,UK,Pakistan,Cross-border,Behavioural_Change_2,"CROSS BORDER RISK",MEDIUM
6989271965,2724364962,868.62,2022-11-26,UK,Albania,Cross-border,Behavioural_Change_2,"CROSS BORDER RISK",MEDIUM
531041847,5621788298,859.56,2022-10-20,UK,France,Cross-border,Behavioural_Change_1,"CROSS BORDER RISK",LOW
3255044891,9023303777,782.24,2022-10-07,Italy,UK,Cross-border,Normal_Small_Fan_Out,"CROSS BORDER RISK",LOW
4307480727,8484256404,765.96,2022-10-07,UK,Spain,Cross-border,Normal_Small_Fan_Out,"CROSS BORDER RISK",LOW
3950352859,369478349,705.92,2022-11-01,UK,Germany,Cross-border,Behavioural_Change_1,"CROSS BORDER RISK",LOW
229007460,7827518643,673.61,2022-10-07,UK,France,Cross-border,Normal_Small_Fan_Out,"CROSS BORDER RISK",LOW
6123762963,854728048,660.61,2022-10-24,UK,Albania,Cross-border,Behavioural_Change_1,"CROSS BORDER RISK",MEDIUM
9533240429,9167626261,549.77,2022-10-07,UK,Turkey,Cross-border,Normal_Small_Fan_Out,"CROSS BORDER RISK",LOW
3885905606,933899052,545.35,2022-10-23,UK,Austria,Cross-border,Behavioural_Change_1,"CROSS BORDER RISK",LOW
6653699393,9771156850,522.82,2022-10-07,UAE,India,Cross-border,Normal_Small_Fan_Out,"CROSS BORDER RISK",LOW
6313053040,6629729612,487.78,2022-10-07,Albania,UK,Cross-border,Normal_Small_Fan_Out,"CROSS BORDER RISK",LOW
8501920513,9488471937,483.30,2022-10-08,UK,Turkey,Cross-border,Behavioural_Change_2,"CROSS BORDER RISK",LOW
6596655355,5542800888,444.73,2022-10-07,UK,Italy,Cross-border,Normal_Small_Fan_Out,"CROSS BORDER RISK",LOW
6070936942,6655467533,442.70,2022-10-07,Nigeria,UK,Cross-border,Normal_Small_Fan_Out,"CROSS BORDER RISK",LOW
5262790133,7708979254,435.62,2022-10-07,UK,UAE,Cross-border,Normal_Small_Fan_Out,"CROSS BORDER RISK",LOW
8617561409,5107678457,432.16,2022-10-07,UK,Mexico,Cross-border,Normal_Small_Fan_Out,"CROSS BORDER RISK",LOW
9387530683,1787992191,424.58,2022-10-07,UK,India,Cross-border,Normal_Small_Fan_Out,"CROSS BORDER RISK",LOW
6989271965,2096901638,418.19,2022-11-22,UK,UAE,Cross-border,Behavioural_Change_2,"CROSS BORDER RISK",LOW
4594499722,5729668625,391.19,2022-12-04,UK,Turkey,Cross-border,Behavioural_Change_1,"CROSS BORDER RISK",LOW
9268139431,9259814241,349.09,2022-11-16,UK,India,"Cash Withdrawal",Cash_Withdrawal,"CROSS BORDER RISK",LOW
9710838491,93722998,347.67,2022-11-17,UK,Mexico,"Cash Withdrawal",Cash_Withdrawal,"CROSS BORDER RISK",LOW
7973448027,8391201653,342.65,2022-12-10,UK,Morocco,"Cash Withdrawal",Cash_Withdrawal,"CROSS BORDER RISK",MEDIUM
3615998000,7879979420,339.59,2022-10-07,UK,USA,Cross-border,Normal_Small_Fan_Out,"CROSS BORDER RISK",LOW
1253336976,8371675450,334.39,2022-11-18,UK,Pakistan,"Cash Withdrawal",Cash_Withdrawal,"CROSS BORDER RISK",MEDIUM
3651814546,9273258089,332.37,2022-11-04,UK,Austria,"Cash Withdrawal",Cash_Withdrawal,"CROSS BORDER RISK",LOW
5185442451,3442659263,331.96,2022-10-07,Switzerland,UK,Cross-border,Normal_Small_Fan_Out,"CROSS BORDER RISK",LOW
6340007440,4316483340,331.41,2022-10-08,UK,India,"Cash Withdrawal",Cash_Withdrawal,"CROSS BORDER RISK",LOW
7973448027,8391201653,321.78,2022-12-05,UK,Morocco,"Cash Withdrawal",Cash_Withdrawal,"CROSS BORDER RISK",MEDIUM
6744599788,2137745624,318.36,2022-11-30,UK,Morocco,Cross-border,Behavioural_Change_2,"CROSS BORDER RISK",MEDIUM
9268139431,9259814241,300.85,2022-11-18,UK,India,"Cash Withdrawal",Cash_Withdrawal,"CROSS BORDER RISK",LOW
3651814546,9273258089,291.38,2022-10-16,UK,Austria,"Cash Withdrawal",Cash_Withdrawal,"CROSS BORDER RISK",LOW
1600149721,2098207133,283.03,2022-11-05,UK,Nigeria,"Cash Withdrawal",Cash_Withdrawal,"CROSS BORDER RISK",MEDIUM
9268139431,9259814241,281.40,2022-11-17,UK,India,"Cash Withdrawal",Cash_Withdrawal,"CROSS BORDER RISK",LOW
8537288551,9516952084,278.43,2022-11-02,UK,Mexico,Cross-border,Behavioural_Change_2,"CROSS BORDER RISK",LOW
3651814546,9273258089,275.74,2022-10-13,UK,Austria,"Cash Withdrawal",Cash_Withdrawal,"CROSS BORDER RISK",LOW
6770601554,6128626942,275.19,2022-10-18,UK,Nigeria,"Cash Withdrawal",Cash_Withdrawal,"CROSS BORDER RISK",MEDIUM
6866095401,8817822667,267.26,2022-12-13,UK,Mexico,"Cash Withdrawal",Cash_Withdrawal,"CROSS BORDER RISK",LOW
1253336976,8371675450,251.93,2022-11-18,UK,Pakistan,"Cash Withdrawal",Cash_Withdrawal,"CROSS BORDER RISK",MEDIUM
7973448027,8391201653,245.99,2022-12-06,UK,Morocco,"Cash Withdrawal",Cash_Withdrawal,"CROSS BORDER RISK",MEDIUM
2820805407,1873312167,236.30,2022-11-05,UK,UAE,"Cash Withdrawal",Cash_Withdrawal,"CROSS BORDER RISK",LOW
9268139431,9259814241,235.79,2022-12-14,UK,India,"Cash Withdrawal",Cash_Withdrawal,"CROSS BORDER RISK",LOW
2820805407,1873312167,228.30,2022-11-05,UK,UAE,"Cash Withdrawal",Cash_Withdrawal,"CROSS BORDER RISK",LOW
1600149721,2098207133,224.10,2022-11-04,UK,Nigeria,"Cash Withdrawal",Cash_Withdrawal,"CROSS BORDER RISK",MEDIUM
9710838491,93722998,221.37,2022-11-16,UK,Mexico,"Cash Withdrawal",Cash_Withdrawal,"CROSS BORDER RISK",LOW
6770601554,6128626942,220.11,2022-10-19,UK,Nigeria,"Cash Withdrawal",Cash_Withdrawal,"CROSS BORDER RISK",MEDIUM
2820805407,1873312167,219.29,2022-11-07,UK,UAE,"Cash Withdrawal",Cash_Withdrawal,"CROSS BORDER RISK",LOW
3651814546,9273258089,218.86,2022-11-05,UK,Austria,"Cash Withdrawal",Cash_Withdrawal,"CROSS BORDER RISK",LOW
1600149721,2098207133,210.50,2022-11-06,UK,Nigeria,"Cash Withdrawal",Cash_Withdrawal,"CROSS BORDER RISK",MEDIUM
6770601554,6128626942,208.67,2022-10-20,UK,Nigeria,"Cash Withdrawal",Cash_Withdrawal,"CROSS BORDER RISK",MEDIUM
7973448027,8391201653,206.27,2022-12-07,UK,Morocco,"Cash Withdrawal",Cash_Withdrawal,"CROSS BORDER RISK",MEDIUM
5395605156,1935753108,203.19,2022-10-07,UK,Netherlands,Cross-border,Normal_Small_Fan_Out,"CROSS BORDER RISK",LOW
1253336976,8371675450,203.14,2022-11-16,UK,Pakistan,"Cash Withdrawal",Cash_Withdrawal,"CROSS BORDER RISK",MEDIUM
9710838491,93722998,198.10,2022-11-17,UK,Mexico,"Cash Withdrawal",Cash_Withdrawal,"CROSS BORDER RISK",LOW
6866095401,8817822667,196.60,2022-12-12,UK,Mexico,"Cash Withdrawal",Cash_Withdrawal,"CROSS BORDER RISK",LOW
9710838491,93722998,194.95,2022-11-16,UK,Mexico,"Cash Withdrawal",Cash_Withdrawal,"CROSS BORDER RISK",LOW
6866095401,8817822667,193.55,2022-12-14,UK,Mexico,"Cash Withdrawal",Cash_Withdrawal,"CROSS BORDER RISK",LOW
5825377846,250142155,192.74,2022-10-10,UK,USA,"Cash Withdrawal",Cash_Withdrawal,"CROSS BORDER RISK",LOW
6866095401,8817822667,189.37,2022-12-11,UK,Mexico,"Cash Withdrawal",Cash_Withdrawal,"CROSS BORDER RISK",LOW
3827836542,5603212401,181.16,2022-12-07,UK,Morocco,"Cash Withdrawal",Cash_Withdrawal,"CROSS BORDER RISK",MEDIUM
3651814546,9273258089,178.74,2022-10-15,UK,Austria,"Cash Withdrawal",Cash_Withdrawal,"CROSS BORDER RISK",LOW
1600149721,2098207133,177.49,2022-11-03,UK,Nigeria,"Cash Withdrawal",Cash_Withdrawal,"CROSS BORDER RISK",MEDIUM
9710838491,93722998,173.61,2022-11-15,UK,Mexico,"Cash Withdrawal",Cash_Withdrawal,"CROSS BORDER RISK",LOW
2820805407,1873312167,169.91,2022-11-03,UK,UAE,"Cash Withdrawal",Cash_Withdrawal,"CROSS BORDER RISK",LOW
6340007440,4316483340,164.63,2022-10-09,UK,India,"Cash Withdrawal",Cash_Withdrawal,"CROSS BORDER RISK",LOW
6866095401,8817822667,156.07,2022-12-10,UK,Mexico,"Cash Withdrawal",Cash_Withdrawal,"CROSS BORDER RISK",LOW
9268139431,9259814241,155.99,2022-11-17,UK,India,"Cash Withdrawal",Cash_Withdrawal,"CROSS BORDER RISK",LOW
1600149721,2098207133,152.96,2022-11-07,UK,Nigeria,"Cash Withdrawal",Cash_Withdrawal,"CROSS BORDER RISK",MEDIUM
9268139431,9259814241,149.87,2022-11-16,UK,India,"Cash Withdrawal",Cash_Withdrawal,"CROSS BORDER RISK",LOW
5104637800,7782575115,148.40,2022-12-13,UK,Mexico,"Cash Withdrawal",Cash_Withdrawal,"CROSS BORDER RISK",LOW
2820805407,1873312167,146.70,2022-11-06,UK,UAE,"Cash Withdrawal",Cash_Withdrawal,"CROSS BORDER RISK",LOW
3651814546,9273258089,143.11,2022-10-13,UK,Austria,"Cash Withdrawal",Cash_Withdrawal,"CROSS BORDER RISK",LOW
1600149721,2098207133,142.70,2022-11-02,UK,Nigeria,"Cash Withdrawal",Cash_Withdrawal,"CROSS BORDER RISK",MEDIUM
6866095401,8817822667,141.61,2022-12-09,UK,Mexico,"Cash Withdrawal",Cash_Withdrawal,"CROSS BORDER RISK",LOW
3651814546,9273258089,141.08,2022-10-15,UK,Austria,"Cash Withdrawal",Cash_Withdrawal,"CROSS BORDER RISK",LOW
8124881173,2867318469,139.35,2022-10-07,UK,India,Cross-border,Normal_Small_Fan_Out,"CROSS BORDER RISK",LOW
3827836542,5603212401,138.99,2022-12-05,UK,Morocco,"Cash Withdrawal",Cash_Withdrawal,"CROSS BORDER RISK",MEDIUM
3827836542,5603212401,137.14,2022-12-06,UK,Morocco,"Cash Withdrawal",Cash_Withdrawal,"CROSS BORDER RISK",MEDIUM
2820805407,1873312167,135.16,2022-11-04,UK,UAE,"Cash Withdrawal",Cash_Withdrawal,"CROSS BORDER RISK",LOW
1253336976,8371675450,130.47,2022-11-19,UK,Pakistan,"Cash Withdrawal",Cash_Withdrawal,"CROSS BORDER RISK",MEDIUM
3651814546,9273258089,128.98,2022-11-09,UK,Austria,"Cash Withdrawal",Cash_Withdrawal,"CROSS BORDER RISK",LOW
1253336976,8371675450,128.36,2022-11-14,UK,Pakistan,"Cash Withdrawal",Cash_Withdrawal,"CROSS BORDER RISK",MEDIUM
6770601554,6128626942,126.13,2022-11-09,UK,Nigeria,"Cash Withdrawal",Cash_Withdrawal,"CROSS BORDER RISK",MEDIUM
6770601554,6128626942,125.24,2022-11-10,UK,Nigeria,"Cash Withdrawal",Cash_Withdrawal,"CROSS BORDER RISK",MEDIUM
1600149721,2098207133,122.10,2022-11-04,UK,Nigeria,"Cash Withdrawal",Cash_Withdrawal,"CROSS BORDER RISK",MEDIUM
1600149721,2098207133,121.34,2022-11-07,UK,Nigeria,"Cash Withdrawal",Cash_Withdrawal,"CROSS BORDER RISK",MEDIUM
5104637800,7782575115,119.95,2022-12-12,UK,Mexico,"Cash Withdrawal",Cash_Withdrawal,"CROSS BORDER RISK",LOW
7391973347,3339772548,118.83,2022-10-07,UK,Netherlands,Cross-border,Normal_Cash_Withdrawal,"CROSS BORDER RISK",LOW
3651814546,9273258089,116.69,2022-11-08,UK,Austria,"Cash Withdrawal",Cash_Withdrawal,"CROSS BORDER RISK",LOW
3827836542,5603212401,116.07,2022-12-10,UK,Morocco,"Cash Withdrawal",Cash_Withdrawal,"CROSS BORDER RISK",MEDIUM
5104637800,7782575115,115.40,2022-12-14,UK,Mexico,"Cash Withdrawal",Cash_Withdrawal,"CROSS BORDER RISK",LOW
5825377846,250142155,114.04,2022-10-08,UK,USA,"Cash Withdrawal",Cash_Withdrawal,"CROSS BORDER RISK",LOW
5825377846,250142155,110.97,2022-10-11,UK,USA,"Cash Withdrawal",Cash_Withdrawal,"CROSS BORDER RISK",LOW
5825377846,250142155,108.79,2022-10-09,UK,USA,"Cash Withdrawal",Cash_Withdrawal,"CROSS BORDER RISK",LOW
2820805407,1873312167,108.74,2022-11-07,UK,UAE,"Cash Withdrawal",Cash_Withdrawal,"CROSS BORDER RISK",LOW
6340007440,4316483340,106.04,2022-10-07,UK,India,"Cash Withdrawal",Cash_Withdrawal,"CROSS BORDER RISK",LOW
6770601554,6128626942,105.45,2022-10-17,UK,Nigeria,"Cash Withdrawal",Cash_Withdrawal,"CROSS BORDER RISK",MEDIUM
6770601554,6128626942,104.09,2022-10-21,UK,Nigeria,"Cash Withdrawal",Cash_Withdrawal,"CROSS BORDER RISK",MEDIUM
1253336976,8371675450,103.56,2022-11-15,UK,Pakistan,"Cash Withdrawal",Cash_Withdrawal,"CROSS BORDER RISK",MEDIUM
3651814546,9273258089,101.81,2022-11-03,UK,Austria,"Cash Withdrawal",Cash_Withdrawal,"CROSS BORDER RISK",LOW
9268139431,9259814241,100.46,2022-11-19,UK,India,"Cash Withdrawal",Cash_Withdrawal,"CROSS BORDER RISK",LOW
9390718271,5933990094,99.16,2022-10-07,UK,Switzerland,Cross-border,Normal_Small_Fan_Out,"CROSS BORDER RISK",LOW
9710838491,93722998,98.00,2022-11-19,UK,Mexico,"Cash Withdrawal",Cash_Withdrawal,"CROSS BORDER RISK",LOW
1253336976,8371675450,94.79,2022-11-17,UK,Pakistan,"Cash Withdrawal",Cash_Withdrawal,"CROSS BORDER RISK",MEDIUM
8942092633,9278139252,85.91,2022-10-07,UK,Germany,Cross-border,Normal_Small_Fan_Out,"CROSS BORDER RISK",LOW
3827836542,5603212401,85.32,2022-12-08,UK,Morocco,"Cash Withdrawal",Cash_Withdrawal,"CROSS BORDER RISK",MEDIUM
6650635027,194370112,84.14,2022-10-07,UK,India,Cross-border,Normal_Small_Fan_Out,"CROSS BORDER RISK",LOW
6770601554,6128626942,84.10,2022-10-23,UK,Nigeria,"Cash Withdrawal",Cash_Withdrawal,"CROSS BORDER RISK",MEDIUM
6770601554,6128626942,82.10,2022-11-07,UK,Nigeria,"Cash Withdrawal",Cash_Withdrawal,"CROSS BORDER RISK",MEDIUM
6866095401,8817822667,79.44,2022-12-15,UK,Mexico,"Cash Withdrawal",Cash_Withdrawal,"CROSS BORDER RISK",LOW
3651814546,9273258089,78.46,2022-10-14,UK,Austria,"Cash Withdrawal",Cash_Withdrawal,"CROSS BORDER RISK",LOW
6770601554,6128626942,76.65,2022-10-18,UK,Nigeria,"Cash Withdrawal",Cash_Withdrawal,"CROSS BORDER RISK",MEDIUM
6088569153,5098225823,75.89,2022-10-09,UK,India,"Cash Withdrawal",Cash_Withdrawal,"CROSS BORDER RISK",LOW
9268139431,9259814241,70.13,2022-11-18,UK,India,"Cash Withdrawal",Cash_Withdrawal,"CROSS BORDER RISK",LOW
1600149721,2098207133,69.67,2022-11-01,UK,Nigeria,"Cash Withdrawal",Cash_Withdrawal,"CROSS BORDER RISK",MEDIUM
6770601554,6128626942,68.22,2022-10-22,UK,Nigeria,"Cash Withdrawal",Cash_Withdrawal,"CROSS BORDER RISK",MEDIUM
5825377846,250142155,65.62,2022-10-14,UK,USA,"Cash Withdrawal",Cash_Withdrawal,"CROSS BORDER RISK",LOW
3651814546,9273258089,64.85,2022-10-16,UK,Austria,"Cash Withdrawal",Cash_Withdrawal,"CROSS BORDER RISK",LOW
6770601554,6128626942,63.39,2022-11-06,UK,Nigeria,"Cash Withdrawal",Cash_Withdrawal,"CROSS BORDER RISK",MEDIUM
6770601554,6128626942,62.70,2022-11-08,UK,Nigeria,"Cash Withdrawal",Cash_Withdrawal,"CROSS BORDER RISK",MEDIUM
3827836542,5603212401,57.09,2022-12-09,UK,Morocco,"Cash Withdrawal",Cash_Withdrawal,"CROSS BORDER RISK",MEDIUM
3651814546,9273258089,56.94,2022-10-17,UK,Austria,"Cash Withdrawal",Cash_Withdrawal,"CROSS BORDER RISK",LOW
5104637800,7782575115,51.79,2022-12-11,UK,Mexico,"Cash Withdrawal",Cash_Withdrawal,"CROSS BORDER RISK",LOW
1253336976,8371675450,48.60,2022-11-17,UK,Pakistan,"Cash Withdrawal",Cash_Withdrawal,"CROSS BORDER RISK",MEDIUM
6340007440,4316483340,39.71,2022-10-10,UK,India,"Cash Withdrawal",Cash_Withdrawal,"CROSS BORDER RISK",LOW
9268139431,9259814241,35.26,2022-11-19,UK,India,"Cash Withdrawal",Cash_Withdrawal,"CROSS BORDER RISK",LOW
9268139431,9259814241,30.27,2022-11-15,UK,India,"Cash Withdrawal",Cash_Withdrawal,"CROSS BORDER RISK",LOW
9710838491,93722998,29.07,2022-11-18,UK,Mexico,"Cash Withdrawal",Cash_Withdrawal,"CROSS BORDER RISK",LOW
9710838491,93722998,18.76,2022-11-18,UK,Mexico,"Cash Withdrawal",Cash_Withdrawal,"CROSS BORDER RISK",LOW
