account,Date,amount,alert_type,risk_level
2797271466,2022-10-07,185658.18,STRUCTURING,CRITICAL
7758268667,2022-10-07,175746.08,STRUCTURING,CRITICAL
6904668523,2022-10-07,142822.31,STRUCTURING,CRITICAL
7669236826,2022-10-07,133338.39,STRUCTURING,CRITICAL
3510078932,2022-10-07,129707.54,STRUCTURING,CRITICAL
2365007895,2022-10-07,129430.25,STRUCTURING,CRITICAL
6086421020,2022-10-07,128968.86,STRUCTURING,CRITICAL
1378784400,2022-10-07,128615.80,STRUCTURING,CRITICAL
9734083970,2022-10-07,107663.34,STRUCTURING,CRITICAL
7501327339,2022-10-07,105820.57,STRUCTURING,CRITICAL
3709430533,2022-10-07,95612.40,STRUCTURING,CRITICAL
6116657264,2022-10-07,95552.38,STRUCTURING,CRITICAL
3614082527,2022-10-07,91022.55,STRUCTURING,CRITICAL
1915450576,2022-10-07,88801.53,STRUCTURING,CRITICAL
675669049,2022-10-07,76881.35,STRUCTURING,CRITICAL
3168051873,2022-10-07,75452.51,STRUCTURING,CRITICAL
7421451752,2022-10-07,72031.47,STRUCTURING,CRITICAL
8389148416,2022-10-07,71972.26,STRUCTURING,CRITICAL
5982914936,2022-10-07,69609.83,STRUCTURING,CRITICAL
6057444675,2022-10-07,67373.84,STRUCTURING,CRITICAL
8456279067,2022-10-07,64853.13,STRUCTURING,CRITICAL
8952177221,2022-10-07,63238.69,STRUCTURING,CRITICAL
8203229522,2022-10-07,63095.92,STRUCTURING,CRITICAL
9534729015,2022-10-07,61145.78,STRUCTURING,CRITICAL
5021785800,2022-10-07,59655.40,STRUCTURING,CRITICAL
4121324384,2022-10-07,59298.31,STRUCTURING,CRITICAL
1491989064,2022-10-07,51380.16,STRUCTURING,CRITICAL
9599009457,2022-10-07,49518.88,STRUCTURING,HIGH
8987848252,2022-10-07,48414.78,STRUCTURING,HIGH
2199795388,2022-10-07,47474.70,STRUCTURING,HIGH
7695306517,2022-10-07,38188.06,STRUCTURING,HIGH
6541552727,2022-10-07,37595.99,STRUCTURING,HIGH
9746384104,2022-10-07,34019.62,STRUCTURING,HIGH
9828143010,2022-10-07,33382.51,STRUCTURING,HIGH
2004133484,2022-10-07,32307.93,STRUCTURING,HIGH
4678874499,2022-10-07,29232.36,STRUCTURING,MEDIUM
1937509788,2022-10-07,29109.99,STRUCTURING,MEDIUM
5979365359,2022-10-07,28913.31,STRUCTURING,MEDIUM
9901680164,2022-10-07,28788.81,STRUCTURING,MEDIUM
9081133856,2022-10-07,28311.65,STRUCTURING,MEDIUM
3440654296,2022-10-07,27926.65,STRUCTURING,MEDIUM
5706877708,2022-10-07,27666.41,STRUCTURING,MEDIUM
1843365823,2022-10-07,27473.16,STRUCTURING,MEDIUM
5102544036,2022-10-07,27433.43,STRUCTURING,MEDIUM
6404844146,2022-10-07,26905.50,STRUCTURING,MEDIUM
2369776263,2022-10-09,26459.34,STRUCTURING,MEDIUM
6742623852,2022-10-07,26425.38,STRUCTURING,MEDIUM
5452849099,2022-10-07,25856.77,STRUCTURING,MEDIUM
1382513766,2022-10-07,25765.38,STRUCTURING,MEDIUM
9302522864,2022-10-07,25412.84,STRUCTURING,MEDIUM
9168588789,2022-10-07,24891.97,STRUCTURING,MEDIUM
8273126721,2022-10-07,24380.87,STRUCTURING,MEDIUM
2047410771,2022-10-07,24212.99,STRUCTURING,MEDIUM
3011203127,2022-10-07,24157.18,STRUCTURING,MEDIUM
5188677620,2022-10-07,23669.76,STRUCTURING,MEDIUM
1220646142,2022-10-07,23327.38,STRUCTURING,MEDIUM
3336234389,2022-10-07,23227.08,STRUCTURING,MEDIUM
5802257583,2022-10-07,23041.77,STRUCTURING,MEDIUM
7155736136,2022-10-07,22872.79,STRUCTURING,MEDIUM
7326442087,2022-10-07,22676.24,STRUCTURING,MEDIUM
1490260385,2022-10-07,22282.69,STRUCTURING,MEDIUM
5042064131,2022-10-07,22077.30,STRUCTURING,MEDIUM
8201605808,2022-10-07,21664.25,STRUCTURING,MEDIUM
1730350525,2022-10-07,21618.39,STRUCTURING,MEDIUM
3030213922,2022-10-07,21485.66,STRUCTURING,MEDIUM
2045644966,2022-10-07,21069.00,STRUCTURING,MEDIUM
787064572,2022-10-07,21007.50,STRUCTURING,MEDIUM
9334364016,2022-10-07,20818.38,STRUCTURING,MEDIUM
9598349393,2022-10-07,20688.69,STRUCTURING,MEDIUM
8770181801,2022-10-07,20595.77,STRUCTURING,MEDIUM
8413340671,2022-10-07,20102.78,STRUCTURING,MEDIUM
5628674969,2022-10-07,200321.54,SMURFING,CRITICAL
5466123934,2022-10-07,172698.04,SMURFING,CRITICAL
1377603863,2022-10-07,153149.21,SMURFING,CRITICAL
6444220418,2022-10-07,141366.01,SMURFING,CRITICAL
3695545812,2022-10-07,126943.98,SMURFING,CRITICAL
8172080174,2022-10-07,125484.26,SMURFING,CRITICAL
5858369125,2022-10-07,125466.20,SMURFING,CRITICAL
4336977506,2022-10-07,116946.92,SMURFING,CRITICAL
5109623450,2022-10-07,116577.57,SMURFING,CRITICAL
6953672776,2022-10-07,111769.93,SMURFING,CRITICAL
1320927231,2022-10-07,103894.34,SMURFING,CRITICAL
4270865741,2022-10-07,95721.74,SMURFING,CRITICAL
6646502650,2022-10-07,92932.58,SMURFING,CRITICAL
409707192,2022-10-07,92238.75,SMURFING,CRITICAL
6034997194,2022-10-07,85160.69,SMURFING,CRITICAL
7080357663,2022-10-07,84218.37,SMURFING,CRITICAL
7892884492,2022-10-07,84110.87,SMURFING,CRITICAL
5103043844,2022-10-07,79802.08,SMURFING,CRITICAL
8518184956,2022-10-07,77142.64,SMURFING,CRITICAL
1316458123,2022-10-07,65103.42,SMURFING,CRITICAL
1431561040,2022-10-07,61449.94,SMURFING,CRITICAL
2534644942,2022-10-07,58698.17,SMURFING,CRITICAL
1493436023,2022-10-07,58444.15,SMURFING,CRITICAL
1465487567,2022-10-07,57576.52,SMURFING,CRITICAL
2138505015,2022-10-07,57249.80,SMURFING,CRITICAL
6855935396,2022-10-07,54558.73,SMURFING,CRITICAL
3220735304,2022-10-07,53357.88,SMURFING,MEDIUM
3079818547,2022-10-07,52200.97,SMURFING,MEDIUM
8673917867,2022-10-07,51339.98,SMURFING,CRITICAL
8352571580,2022-10-07,39741.28,SMURFING,HIGH
5363117119,2022-10-07,34923.20,SMURFING,MEDIUM
8678802420,2022-10-07,34870.90,SMURFING,MEDIUM
7160736915,2022-10-07,30501.26,SMURFING,HIGH
7199625988,2022-10-07,27569.87,SMURFING,MEDIUM
5708936901,2022-10-07,26993.32,SMURFING,MEDIUM
7067082284,2022-11-15,21128.91,SMURFING,MEDIUM
188929394,2022-10-15,9658.21,LAYERING,HIGH
1416418992,2022-10-22,8541.04,LAYERING,HIGH
8424086459,2022-10-22,13052.27,LAYERING,CRITICAL
7078200557,2022-10-27,6587.92,LAYERING,HIGH
5030100545,2022-10-27,7594.86,LAYERING,HIGH
6708292258,2022-10-29,35807.52,LAYERING,CRITICAL
9050785104,2022-11-04,13135.51,LAYERING,CRITICAL
1813079910,2022-11-04,18935.15,LAYERING,CRITICAL
8417752885,2022-11-05,7420.50,LAYERING,HIGH
9562274039,2022-11-06,5180.62,LAYERING,HIGH
9380493823,2022-11-09,6472.44,LAYERING,HIGH
4049086988,2022-11-14,17652.45,LAYERING,CRITICAL
5708403349,2022-11-19,39241.92,LAYERING,CRITICAL
9577633368,2022-11-19,10903.62,LAYERING,CRITICAL
23039938,2022-11-25,18289.29,LAYERING,CRITICAL
5905337797,2022-11-29,19653.60,LAYERING,CRITICAL
8193184390,2022-12-01,22148.99,LAYERING,CRITICAL
4550948935,2022-12-09,19105.70,LAYERING,CRITICAL
954553425,2022-12-12,5204.19,LAYERING,HIGH
6042344622,2022-12-12,6034.70,LAYERING,HIGH
5869654043,2022-10-07,17198.77,LAYERING,MEDIUM
2806740273,2022-10-07,17548.07,LAYERING,MEDIUM
6340007440,2022-10-07,106.04,"CROSS BORDER RISK",LOW
3758118046,2022-10-07,5903.33,"CROSS BORDER RISK",LOW
445154846,2022-10-07,3957.87,"CROSS BORDER RISK",MEDIUM
5748489103,2022-10-07,3252.35,"CROSS BORDER RISK",LOW
4928880336,2022-10-07,10753.27,"CROSS BORDER RISK",LOW
8501920513,2022-10-07,6112.62,"CROSS BORDER RISK",MEDIUM
5535491870,2022-10-07,10150.12,"CROSS BORDER RISK",LOW
3895286750,2022-10-07,4310.36,"CROSS BORDER RISK",LOW
9444956233,2022-10-07,3860.81,"CROSS BORDER RISK",LOW
8093648634,2022-10-08,7961.54,"CROSS BORDER RISK",LOW
6340007440,2022-10-08,331.41,"CROSS BORDER RISK",LOW
4501271268,2022-10-08,3966.93,"CROSS BORDER RISK",MEDIUM
7900125583,2022-10-08,10257.07,"CROSS BORDER RISK",LOW
8501920513,2022-10-08,483.30,"CROSS BORDER RISK",LOW
9352740070,2022-10-08,2310.75,"CROSS BORDER RISK",LOW
2975433371,2022-10-08,6004.20,"CROSS BORDER RISK",MEDIUM
7900125583,2022-10-08,4118.34,"CROSS BORDER RISK",LOW
1291265097,2022-10-08,4273.93,"CROSS BORDER RISK",LOW
5825377846,2022-10-08,114.04,"CROSS BORDER RISK",LOW
9332541212,2022-10-08,3750.32,"CROSS BORDER RISK",LOW
7419470415,2022-10-08,5737.43,"CROSS BORDER RISK",MEDIUM
7279271900,2022-10-09,5429.60,"CROSS BORDER RISK",MEDIUM
8501920513,2022-10-09,7744.01,"CROSS BORDER RISK",LOW
6088569153,2022-10-09,75.89,"CROSS BORDER RISK",LOW
7900125583,2022-10-09,2768.71,"CROSS BORDER RISK",MEDIUM
1775046511,2022-10-09,3867.03,"CROSS BORDER RISK",MEDIUM
9107206798,2022-10-09,2193.31,"CROSS BORDER RISK",LOW
9741665599,2022-10-09,5826.73,"CROSS BORDER RISK",MEDIUM
5825377846,2022-10-09,108.79,"CROSS BORDER RISK",LOW
2697605096,2022-10-09,20603.66,"CROSS BORDER RISK",LOW
6340007440,2022-10-09,164.63,"CROSS BORDER RISK",LOW
6837507008,2022-10-10,5815.90,"CROSS BORDER RISK",MEDIUM
5074743934,2022-10-10,2302.40,"CROSS BORDER RISK",LOW
3979625953,2022-10-10,5341.83,"CROSS BORDER RISK",LOW
5825377846,2022-10-10,192.74,"CROSS BORDER RISK",LOW
6340007440,2022-10-10,39.71,"CROSS BORDER RISK",LOW
8600542721,2022-10-10,1387.65,"CROSS BORDER RISK",LOW
3366160080,2022-10-10,8160.18,"CROSS BORDER RISK",LOW
6558961368,2022-10-10,5289.42,"CROSS BORDER RISK",MEDIUM
5617532830,2022-10-10,3985.42,"CROSS BORDER RISK",MEDIUM
7437186310,2022-10-11,5785.83,"CROSS BORDER RISK",MEDIUM
9350495967,2022-10-11,7798.79,"CROSS BORDER RISK",LOW
4533141883,2022-10-11,2291.54,"CROSS BORDER RISK",LOW
3046750994,2022-10-11,4085.77,"CROSS BORDER RISK",LOW
819399232,2022-10-11,2280.62,"CROSS BORDER RISK",LOW
726077956,2022-10-11,19097.77,"CROSS BORDER RISK",LOW
1422891634,2022-10-11,3919.79,"CROSS BORDER RISK",MEDIUM
8957068054,2022-10-11,10641.60,"CROSS BORDER RISK",LOW
5748489103,2022-10-11,1053.49,"CROSS BORDER RISK",MEDIUM
2875874575,2022-10-11,2824.06,"CROSS BORDER RISK",LOW
7900125583,2022-10-11,5157.16,"CROSS BORDER RISK",LOW
3190048835,2022-10-11,5917.62,"CROSS BORDER RISK",MEDIUM
5825377846,2022-10-11,110.97,"CROSS BORDER RISK",LOW
8501920513,2022-10-11,4536.38,"CROSS BORDER RISK",MEDIUM
403526894,2022-10-12,6718.59,"CROSS BORDER RISK",LOW
3342935265,2022-10-12,2243.66,"CROSS BORDER RISK",LOW
8600542721,2022-10-12,9344.68,"CROSS BORDER RISK",LOW
5191792876,2022-10-12,3518.82,"CROSS BORDER RISK",LOW
1681811645,2022-10-12,61062.76,"CROSS BORDER RISK",LOW
3783057593,2022-10-12,6042.31,"CROSS BORDER RISK",MEDIUM
8600542721,2022-10-12,3355.95,"CROSS BORDER RISK",LOW
8600542721,2022-10-12,17953.81,"CROSS BORDER RISK",HIGH
7877257337,2022-10-12,3904.73,"CROSS BORDER RISK",MEDIUM
2447476655,2022-10-13,2177.23,"CROSS BORDER RISK",LOW
8585579344,2022-10-13,5953.43,"CROSS BORDER RISK",MEDIUM
8753869372,2022-10-13,3963.62,"CROSS BORDER RISK",MEDIUM
6042344622,2022-10-13,1165.29,"CROSS BORDER RISK",LOW
3651814546,2022-10-13,275.74,"CROSS BORDER RISK",LOW
8379256821,2022-10-13,8745.85,"CROSS BORDER RISK",LOW
2337289637,2022-10-13,3559.89,"CROSS BORDER RISK",LOW
5095505244,2022-10-13,105674.69,"CROSS BORDER RISK",LOW
3651814546,2022-10-13,143.11,"CROSS BORDER RISK",LOW
9749980386,2022-10-13,15350.29,"CROSS BORDER RISK",LOW
5668411164,2022-10-13,10004.27,"CROSS BORDER RISK",LOW
403526894,2022-10-14,2666.69,"CROSS BORDER RISK",LOW
5458014530,2022-10-14,11390.42,"CROSS BORDER RISK",LOW
6633012892,2022-10-14,22544.67,"CROSS BORDER RISK",LOW
2835477095,2022-10-14,8945.09,"CROSS BORDER RISK",LOW
5825377846,2022-10-14,65.62,"CROSS BORDER RISK",LOW
346811235,2022-10-14,3828.70,"CROSS BORDER RISK",LOW
403526894,2022-10-14,2254.57,"CROSS BORDER RISK",LOW
675669049,2022-10-14,3892.57,"CROSS BORDER RISK",MEDIUM
3651814546,2022-10-14,78.46,"CROSS BORDER RISK",LOW
8501920513,2022-10-15,13178.26,"CROSS BORDER RISK",LOW
8600542721,2022-10-15,1787.20,"CROSS BORDER RISK",LOW
435764827,2022-10-15,6728.53,"CROSS BORDER RISK",LOW
3651814546,2022-10-15,178.74,"CROSS BORDER RISK",LOW
8848140810,2022-10-15,9694.15,"CROSS BORDER RISK",MEDIUM
188929394,2022-10-15,9658.21,"CROSS BORDER RISK",LOW
8501920513,2022-10-15,1972.23,"CROSS BORDER RISK",MEDIUM
4913551727,2022-10-15,3514.93,"CROSS BORDER RISK",LOW
3591030456,2022-10-15,7909.10,"CROSS BORDER RISK",MEDIUM
9707989791,2022-10-15,4123.44,"CROSS BORDER RISK",MEDIUM
3651814546,2022-10-15,141.08,"CROSS BORDER RISK",LOW
9599002502,2022-10-15,2259.18,"CROSS BORDER RISK",LOW
3764972093,2022-10-15,102217.56,"CROSS BORDER RISK",CRITICAL
6051946283,2022-10-16,2194.59,"CROSS BORDER RISK",LOW
3873090207,2022-10-16,4174.32,"CROSS BORDER RISK",MEDIUM
3651814546,2022-10-16,291.38,"CROSS BORDER RISK",LOW
7973807879,2022-10-16,3524.40,"CROSS BORDER RISK",LOW
3651814546,2022-10-16,64.85,"CROSS BORDER RISK",LOW
2749124400,2022-10-16,8587.87,"CROSS BORDER RISK",LOW
6652024436,2022-10-16,14610.64,"CROSS BORDER RISK",HIGH
5520221039,2022-10-17,227174.87,"CROSS BORDER RISK",LOW
4711995584,2022-10-17,5782.00,"CROSS BORDER RISK",LOW
4816063555,2022-10-17,13332.30,"CROSS BORDER RISK",LOW
5047305009,2022-10-17,322244.45,"CROSS BORDER RISK",CRITICAL
6545638988,2022-10-17,3671.30,"CROSS BORDER RISK",LOW
6770601554,2022-10-17,105.45,"CROSS BORDER RISK",MEDIUM
3651814546,2022-10-17,56.94,"CROSS BORDER RISK",LOW
6770601554,2022-10-18,275.19,"CROSS BORDER RISK",MEDIUM
9471903835,2022-10-18,3240.13,"CROSS BORDER RISK",LOW
1423078109,2022-10-18,12390.16,"CROSS BORDER RISK",LOW
7190719389,2022-10-18,4748.08,"CROSS BORDER RISK",LOW
9430804295,2022-10-18,433314.60,"CROSS BORDER RISK",LOW
2176135093,2022-10-18,3837.67,"CROSS BORDER RISK",LOW
2161928970,2022-10-18,4337.60,"CROSS BORDER RISK",LOW
6770601554,2022-10-18,76.65,"CROSS BORDER RISK",MEDIUM
2166563883,2022-10-19,2150.35,"CROSS BORDER RISK",LOW
4599310239,2022-10-19,3579.02,"CROSS BORDER RISK",LOW
2550670994,2022-10-19,8848.67,"CROSS BORDER RISK",LOW
6770601554,2022-10-19,220.11,"CROSS BORDER RISK",MEDIUM
7206201403,2022-10-19,5540.87,"CROSS BORDER RISK",LOW
4014748430,2022-10-19,10074.66,"CROSS BORDER RISK",LOW
6770601554,2022-10-20,208.67,"CROSS BORDER RISK",MEDIUM
7911678176,2022-10-20,4352.05,"CROSS BORDER RISK",LOW
531041847,2022-10-20,2847.37,"CROSS BORDER RISK",LOW
531041847,2022-10-20,859.56,"CROSS BORDER RISK",LOW
1813079910,2022-10-20,6056.61,"CROSS BORDER RISK",LOW
3885905606,2022-10-20,4352.29,"CROSS BORDER RISK",MEDIUM
403526894,2022-10-20,9180.49,"CROSS BORDER RISK",LOW
7352073803,2022-10-20,10970.74,"CROSS BORDER RISK",HIGH
9749980386,2022-10-20,6845.24,"CROSS BORDER RISK",MEDIUM
8178792185,2022-10-20,3768.30,"CROSS BORDER RISK",LOW
3885905606,2022-10-20,1100.63,"CROSS BORDER RISK",LOW
5303255200,2022-10-21,8286.98,"CROSS BORDER RISK",LOW
1424693007,2022-10-21,5264.03,"CROSS BORDER RISK",MEDIUM
6123762963,2022-10-21,1459.66,"CROSS BORDER RISK",LOW
1424693007,2022-10-21,17477.41,"CROSS BORDER RISK",HIGH
6770601554,2022-10-21,104.09,"CROSS BORDER RISK",MEDIUM
6123762963,2022-10-21,4283.09,"CROSS BORDER RISK",MEDIUM
6770601554,2022-10-22,68.22,"CROSS BORDER RISK",MEDIUM
1416418992,2022-10-22,8541.04,"CROSS BORDER RISK",MEDIUM
6123762963,2022-10-22,3495.20,"CROSS BORDER RISK",MEDIUM
3885905606,2022-10-23,2699.51,"CROSS BORDER RISK",LOW
6770601554,2022-10-23,84.10,"CROSS BORDER RISK",MEDIUM
2793197858,2022-10-23,14726.19,"CROSS BORDER RISK",LOW
6123762963,2022-10-23,14107.60,"CROSS BORDER RISK",LOW
3885905606,2022-10-23,545.35,"CROSS BORDER RISK",LOW
6652024436,2022-10-23,5744.71,"CROSS BORDER RISK",MEDIUM
6123762963,2022-10-24,660.61,"CROSS BORDER RISK",MEDIUM
2793197858,2022-10-24,6095.70,"CROSS BORDER RISK",LOW
1424693007,2022-10-24,3972.24,"CROSS BORDER RISK",LOW
3001717656,2022-10-25,7420.87,"CROSS BORDER RISK",LOW
8055925195,2022-10-25,6233.37,"CROSS BORDER RISK",LOW
8537288551,2022-10-26,1338.35,"CROSS BORDER RISK",MEDIUM
8537288551,2022-10-26,4798.65,"CROSS BORDER RISK",MEDIUM
2793197858,2022-10-26,10350.43,"CROSS BORDER RISK",LOW
1424693007,2022-10-26,6517.83,"CROSS BORDER RISK",MEDIUM
3950352859,2022-10-27,2044.98,"CROSS BORDER RISK",LOW
8263786289,2022-10-27,2354.30,"CROSS BORDER RISK",LOW
6345198198,2022-10-27,1185.51,"CROSS BORDER RISK",LOW
7078200557,2022-10-27,6587.92,"CROSS BORDER RISK",MEDIUM
5030100545,2022-10-27,7594.86,"CROSS BORDER RISK",MEDIUM
1424693007,2022-10-27,11235.13,"CROSS BORDER RISK",LOW
4550948935,2022-10-28,4279.63,"CROSS BORDER RISK",LOW
2420393246,2022-10-28,4103.20,"CROSS BORDER RISK",LOW
4014748430,2022-10-29,10255.09,"CROSS BORDER RISK",LOW
6916860201,2022-10-29,198333.06,"CROSS BORDER RISK",LOW
1424693007,2022-10-29,5849.04,"CROSS BORDER RISK",MEDIUM
2060128523,2022-10-29,3996.79,"CROSS BORDER RISK",MEDIUM
6345198198,2022-10-30,7648.76,"CROSS BORDER RISK",LOW
6123762963,2022-10-30,1718.46,"CROSS BORDER RISK",LOW
6345198198,2022-10-31,2634.29,"CROSS BORDER RISK",LOW
8060121943,2022-10-31,16728.33,"CROSS BORDER RISK",HIGH
3950352859,2022-10-31,3209.19,"CROSS BORDER RISK",LOW
7627772980,2022-10-31,9804.54,"CROSS BORDER RISK",MEDIUM
8537288551,2022-10-31,4160.59,"CROSS BORDER RISK",LOW
1021972,2022-10-31,7988.53,"CROSS BORDER RISK",MEDIUM
1600149721,2022-11-01,69.67,"CROSS BORDER RISK",MEDIUM
3950352859,2022-11-01,10464.35,"CROSS BORDER RISK",LOW
8638390457,2022-11-01,26472.90,"CROSS BORDER RISK",LOW
3950352859,2022-11-01,705.92,"CROSS BORDER RISK",LOW
1600149721,2022-11-02,142.70,"CROSS BORDER RISK",MEDIUM
3950352859,2022-11-02,2405.55,"CROSS BORDER RISK",LOW
8285407168,2022-11-02,29890.09,"CROSS BORDER RISK",LOW
8537288551,2022-11-02,278.43,"CROSS BORDER RISK",LOW
4821757624,2022-11-03,9152.44,"CROSS BORDER RISK",LOW
3651814546,2022-11-03,101.81,"CROSS BORDER RISK",LOW
3950352859,2022-11-03,4485.91,"CROSS BORDER RISK",MEDIUM
2820805407,2022-11-03,169.91,"CROSS BORDER RISK",LOW
8197072010,2022-11-03,1423.33,"CROSS BORDER RISK",LOW
8537288551,2022-11-03,14944.10,"CROSS BORDER RISK",HIGH
1600149721,2022-11-03,177.49,"CROSS BORDER RISK",MEDIUM
6988324584,2022-11-03,4657.97,"CROSS BORDER RISK",LOW
1600149721,2022-11-04,224.10,"CROSS BORDER RISK",MEDIUM
3651814546,2022-11-04,332.37,"CROSS BORDER RISK",LOW
5358114791,2022-11-04,3390.36,"CROSS BORDER RISK",LOW
1600149721,2022-11-04,122.10,"CROSS BORDER RISK",MEDIUM
8537288551,2022-11-04,5379.18,"CROSS BORDER RISK",MEDIUM
1813079910,2022-11-04,18935.15,"CROSS BORDER RISK",HIGH
8849558846,2022-11-04,3657.87,"CROSS BORDER RISK",LOW
2820805407,2022-11-04,135.16,"CROSS BORDER RISK",LOW
8684916519,2022-11-04,4755.30,"CROSS BORDER RISK",LOW
2820805407,2022-11-05,228.30,"CROSS BORDER RISK",LOW
1600149721,2022-11-05,283.03,"CROSS BORDER RISK",MEDIUM
3950352859,2022-11-05,1791.72,"CROSS BORDER RISK",LOW
1926054413,2022-11-05,4660.40,"CROSS BORDER RISK",LOW
3651814546,2022-11-05,218.86,"CROSS BORDER RISK",LOW
2820805407,2022-11-05,236.30,"CROSS BORDER RISK",LOW
4767587845,2022-11-05,10507.62,"CROSS BORDER RISK",LOW
6345198198,2022-11-05,1297.54,"CROSS BORDER RISK",LOW
4382775538,2022-11-05,10919.52,"CROSS BORDER RISK",LOW
6726922016,2022-11-05,25164.48,"CROSS BORDER RISK",HIGH
3950352859,2022-11-05,2869.29,"CROSS BORDER RISK",LOW
8417752885,2022-11-05,7420.50,"CROSS BORDER RISK",LOW
6770601554,2022-11-06,63.39,"CROSS BORDER RISK",MEDIUM
7078200557,2022-11-06,36004.94,"CROSS BORDER RISK",HIGH
5017378989,2022-11-06,3544.46,"CROSS BORDER RISK",LOW
476800554,2022-11-06,2227.73,"CROSS BORDER RISK",LOW
8197072010,2022-11-06,4534.45,"CROSS BORDER RISK",MEDIUM
1600149721,2022-11-06,210.50,"CROSS BORDER RISK",MEDIUM
4447501051,2022-11-06,7570.44,"CROSS BORDER RISK",LOW
2820805407,2022-11-06,146.70,"CROSS BORDER RISK",LOW
3226909844,2022-11-06,3639.55,"CROSS BORDER RISK",LOW
2889112657,2022-11-06,3497.93,"CROSS BORDER RISK",LOW
9303470721,2022-11-06,4731.48,"CROSS BORDER RISK",LOW
9562274039,2022-11-06,5180.62,"CROSS BORDER RISK",MEDIUM
3180939545,2022-11-07,23166.68,"CROSS BORDER RISK",HIGH
1600149721,2022-11-07,121.34,"CROSS BORDER RISK",MEDIUM
4551306098,2022-11-07,4585.12,"CROSS BORDER RISK",MEDIUM
9327083401,2022-11-07,6208.51,"CROSS BORDER RISK",MEDIUM
2820805407,2022-11-07,108.74,"CROSS BORDER RISK",LOW
2820805407,2022-11-07,219.29,"CROSS BORDER RISK",LOW
2305137294,2022-11-07,4676.70,"CROSS BORDER RISK",LOW
3912741326,2022-11-07,3654.46,"CROSS BORDER RISK",LOW
1600149721,2022-11-07,152.96,"CROSS BORDER RISK",MEDIUM
6770601554,2022-11-07,82.10,"CROSS BORDER RISK",MEDIUM
6708292258,2022-11-07,21495.65,"CROSS BORDER RISK",LOW
6770601554,2022-11-08,62.70,"CROSS BORDER RISK",MEDIUM
3651814546,2022-11-08,116.69,"CROSS BORDER RISK",LOW
4734287837,2022-11-08,4210.11,"CROSS BORDER RISK",MEDIUM
4525762763,2022-11-08,5504.80,"CROSS BORDER RISK",LOW
4775429005,2022-11-08,5213.43,"CROSS BORDER RISK",LOW
4382775538,2022-11-08,7999.18,"CROSS BORDER RISK",LOW
6854382721,2022-11-08,4096.48,"CROSS BORDER RISK",MEDIUM
1239830563,2022-11-08,6196.74,"CROSS BORDER RISK",MEDIUM
9725749581,2022-11-08,4711.68,"CROSS BORDER RISK",LOW
8197072010,2022-11-09,913.07,"CROSS BORDER RISK",MEDIUM
3651814546,2022-11-09,128.98,"CROSS BORDER RISK",LOW
4775429005,2022-11-09,8522.14,"CROSS BORDER RISK",LOW
582901738,2022-11-09,2654.16,"CROSS BORDER RISK",LOW
1509134836,2022-11-09,2735.15,"CROSS BORDER RISK",LOW
9380493823,2022-11-09,6472.44,"CROSS BORDER RISK",MEDIUM
5874519393,2022-11-09,5447.87,"CROSS BORDER RISK",LOW
4382775538,2022-11-09,5169.86,"CROSS BORDER RISK",LOW
1233589069,2022-11-09,3452.10,"CROSS BORDER RISK",LOW
1285588849,2022-11-09,6378.33,"CROSS BORDER RISK",MEDIUM
2065685062,2022-11-09,4736.40,"CROSS BORDER RISK",LOW
3393308952,2022-11-09,4032.49,"CROSS BORDER RISK",LOW
1184607529,2022-11-09,9237.57,"CROSS BORDER RISK",LOW
7993303298,2022-11-09,4342.43,"CROSS BORDER RISK",MEDIUM
6770601554,2022-11-09,126.13,"CROSS BORDER RISK",MEDIUM
8660073261,2022-11-09,4129.19,"CROSS BORDER RISK",LOW
9036440190,2022-11-10,4673.23,"CROSS BORDER RISK",LOW
9488075004,2022-11-10,3486.82,"CROSS BORDER RISK",LOW
6770601554,2022-11-10,125.24,"CROSS BORDER RISK",MEDIUM
4382775538,2022-11-10,9479.67,"CROSS BORDER RISK",LOW
9939335199,2022-11-10,4282.07,"CROSS BORDER RISK",MEDIUM
8197072010,2022-11-10,16299.49,"CROSS BORDER RISK",HIGH
8197072010,2022-11-10,10466.66,"CROSS BORDER RISK",LOW
9700230961,2022-11-10,6102.91,"CROSS BORDER RISK",MEDIUM
6568147162,2022-11-11,4820.46,"CROSS BORDER RISK",LOW
9233324207,2022-11-11,3391.79,"CROSS BORDER RISK",LOW
9965419082,2022-11-11,6615.15,"CROSS BORDER RISK",MEDIUM
6486848760,2022-11-11,5975.23,"CROSS BORDER RISK",LOW
6726922016,2022-11-11,2108.56,"CROSS BORDER RISK",LOW
1792169085,2022-11-11,3609.91,"CROSS BORDER RISK",MEDIUM
5849180756,2022-11-11,6064.63,"CROSS BORDER RISK",MEDIUM
1173553473,2022-11-11,4564.68,"CROSS BORDER RISK",MEDIUM
7335976595,2022-11-12,3395.52,"CROSS BORDER RISK",LOW
1184607529,2022-11-12,8412.82,"CROSS BORDER RISK",LOW
9382188772,2022-11-12,87001.98,"CROSS BORDER RISK",LOW
2369124408,2022-11-12,6063.20,"CROSS BORDER RISK",MEDIUM
4775429005,2022-11-12,5216.40,"CROSS BORDER RISK",LOW
930766233,2022-11-12,4213.69,"CROSS BORDER RISK",MEDIUM
4775429005,2022-11-12,11006.94,"CROSS BORDER RISK",LOW
3302760648,2022-11-12,6740.04,"CROSS BORDER RISK",MEDIUM
6833938792,2022-11-13,11658.90,"CROSS BORDER RISK",LOW
4382775538,2022-11-13,4928.56,"CROSS BORDER RISK",LOW
8668041009,2022-11-13,3432.96,"CROSS BORDER RISK",LOW
7798979163,2022-11-13,5980.51,"CROSS BORDER RISK",MEDIUM
6630556764,2022-11-13,4602.97,"CROSS BORDER RISK",MEDIUM
1253336976,2022-11-14,128.36,"CROSS BORDER RISK",MEDIUM
5874431519,2022-11-14,6014.66,"CROSS BORDER RISK",MEDIUM
1999169946,2022-11-14,2836.66,"CROSS BORDER RISK",LOW
1241244322,2022-11-14,4523.59,"CROSS BORDER RISK",MEDIUM
1147093613,2022-11-14,2850.79,"CROSS BORDER RISK",LOW
9501158882,2022-11-14,5434.06,"CROSS BORDER RISK",LOW
6833938792,2022-11-15,7709.66,"CROSS BORDER RISK",MEDIUM
9268139431,2022-11-15,30.27,"CROSS BORDER RISK",LOW
2876703970,2022-11-15,3064.21,"CROSS BORDER RISK",LOW
2509459814,2022-11-15,4134.53,"CROSS BORDER RISK",LOW
1253336976,2022-11-15,103.56,"CROSS BORDER RISK",MEDIUM
1657379341,2022-11-15,4555.86,"CROSS BORDER RISK",MEDIUM
6697353281,2022-11-15,5481.45,"CROSS BORDER RISK",LOW
9710838491,2022-11-15,173.61,"CROSS BORDER RISK",LOW
9710838491,2022-11-16,221.37,"CROSS BORDER RISK",LOW
9710838491,2022-11-16,194.95,"CROSS BORDER RISK",LOW
9481224844,2022-11-16,5718.46,"CROSS BORDER RISK",LOW
9268139431,2022-11-16,149.87,"CROSS BORDER RISK",LOW
1253336976,2022-11-16,203.14,"CROSS BORDER RISK",MEDIUM
9482065091,2022-11-16,4402.77,"CROSS BORDER RISK",MEDIUM
9268139431,2022-11-16,349.09,"CROSS BORDER RISK",LOW
1253336976,2022-11-17,94.79,"CROSS BORDER RISK",MEDIUM
9710838491,2022-11-17,198.10,"CROSS BORDER RISK",LOW
9268139431,2022-11-17,281.40,"CROSS BORDER RISK",LOW
9305572467,2022-11-17,5732.09,"CROSS BORDER RISK",LOW
4775429005,2022-11-17,8392.79,"CROSS BORDER RISK",LOW
4202589878,2022-11-17,4046.92,"CROSS BORDER RISK",LOW
1253336976,2022-11-17,48.60,"CROSS BORDER RISK",MEDIUM
3992084410,2022-11-17,3025.15,"CROSS BORDER RISK",LOW
9268139431,2022-11-17,155.99,"CROSS BORDER RISK",LOW
9710838491,2022-11-17,347.67,"CROSS BORDER RISK",LOW
5917350547,2022-11-17,7975.47,"CROSS BORDER RISK",LOW
1253336976,2022-11-18,251.93,"CROSS BORDER RISK",MEDIUM
5917350547,2022-11-18,9483.43,"CROSS BORDER RISK",LOW
3239906443,2022-11-18,10570.85,"CROSS BORDER RISK",LOW
1339917371,2022-11-18,5473.28,"CROSS BORDER RISK",LOW
9268139431,2022-11-18,70.13,"CROSS BORDER RISK",LOW
1253336976,2022-11-18,334.39,"CROSS BORDER RISK",MEDIUM
9710838491,2022-11-18,29.07,"CROSS BORDER RISK",LOW
9268139431,2022-11-18,300.85,"CROSS BORDER RISK",LOW
7698724710,2022-11-18,7671.12,"CROSS BORDER RISK",LOW
9710838491,2022-11-18,18.76,"CROSS BORDER RISK",LOW
9268139431,2022-11-19,35.26,"CROSS BORDER RISK",LOW
6833938792,2022-11-19,21068.04,"CROSS BORDER RISK",LOW
9268139431,2022-11-19,100.46,"CROSS BORDER RISK",LOW
9710838491,2022-11-19,98.00,"CROSS BORDER RISK",LOW
5708403349,2022-11-19,39241.92,"CROSS BORDER RISK",LOW
8722719854,2022-11-19,69822.73,"CROSS BORDER RISK",CRITICAL
1253336976,2022-11-19,130.47,"CROSS BORDER RISK",MEDIUM
2443617213,2022-11-19,3229.28,"CROSS BORDER RISK",LOW
8700457882,2022-11-19,6046.99,"CROSS BORDER RISK",LOW
1544723191,2022-11-19,5458.65,"CROSS BORDER RISK",LOW
2154311031,2022-11-20,7370.17,"CROSS BORDER RISK",LOW
1099653962,2022-11-20,4299.15,"CROSS BORDER RISK",LOW
6344798149,2022-11-20,7394.64,"CROSS BORDER RISK",LOW
9658846243,2022-11-20,2236.24,"CROSS BORDER RISK",LOW
9891968510,2022-11-20,14707.70,"CROSS BORDER RISK",LOW
5045265825,2022-11-20,1882.95,"CROSS BORDER RISK",MEDIUM
7686371546,2022-11-20,5533.19,"CROSS BORDER RISK",LOW
6874313350,2022-11-21,12082.12,"CROSS BORDER RISK",LOW
6611982598,2022-11-21,10739.80,"CROSS BORDER RISK",LOW
6916860201,2022-11-21,22509.38,"CROSS BORDER RISK",LOW
5917350547,2022-11-21,7698.72,"CROSS BORDER RISK",LOW
6058562879,2022-11-21,5387.98,"CROSS BORDER RISK",LOW
6989271965,2022-11-21,19606.93,"CROSS BORDER RISK",LOW
4713467040,2022-11-21,6896.68,"CROSS BORDER RISK",LOW
1278425401,2022-11-21,4402.06,"CROSS BORDER RISK",MEDIUM
3243896688,2022-11-22,9130.64,"CROSS BORDER RISK",LOW
315625186,2022-11-22,8105.51,"CROSS BORDER RISK",LOW
3271196078,2022-11-22,5311.36,"CROSS BORDER RISK",LOW
5917350547,2022-11-22,31785.18,"CROSS BORDER RISK",LOW
6989271965,2022-11-22,418.19,"CROSS BORDER RISK",LOW
5917350547,2022-11-22,5853.45,"CROSS BORDER RISK",LOW
55381759,2022-11-22,4794.09,"CROSS BORDER RISK",LOW
9891968510,2022-11-22,5211.19,"CROSS BORDER RISK",LOW
5917350547,2022-11-23,6204.65,"CROSS BORDER RISK",LOW
8660233283,2022-11-23,5238.24,"CROSS BORDER RISK",LOW
6097169081,2022-11-23,9728.91,"CROSS BORDER RISK",LOW
4568484411,2022-11-23,8318.63,"CROSS BORDER RISK",LOW
3371937981,2022-11-23,6257.30,"CROSS BORDER RISK",LOW
6891062860,2022-11-24,3479.70,"CROSS BORDER RISK",LOW
6042344622,2022-11-24,3292.99,"CROSS BORDER RISK",MEDIUM
55381759,2022-11-24,6495.87,"CROSS BORDER RISK",LOW
9079307827,2022-11-24,12553.06,"CROSS BORDER RISK",LOW
5783727027,2022-11-24,3962.73,"CROSS BORDER RISK",LOW
4875340736,2022-11-25,6078.81,"CROSS BORDER RISK",LOW
23039938,2022-11-25,18289.29,"CROSS BORDER RISK",LOW
685439805,2022-11-25,7245.67,"CROSS BORDER RISK",LOW
6989271965,2022-11-25,8465.76,"CROSS BORDER RISK",MEDIUM
2477514279,2022-11-25,12043.52,"CROSS BORDER RISK",LOW
6611982598,2022-11-25,12720.48,"CROSS BORDER RISK",LOW
1517021923,2022-11-26,7095.51,"CROSS BORDER RISK",LOW
7657551830,2022-11-26,4726.30,"CROSS BORDER RISK",LOW
3488949353,2022-11-26,4945.38,"CROSS BORDER RISK",MEDIUM
6989271965,2022-11-26,986.36,"CROSS BORDER RISK",MEDIUM
5917350547,2022-11-26,4450.69,"CROSS BORDER RISK",LOW
7922655699,2022-11-26,8201.29,"CROSS BORDER RISK",LOW
6989271965,2022-11-26,868.62,"CROSS BORDER RISK",MEDIUM
6018648917,2022-11-27,3609.21,"CROSS BORDER RISK",LOW
6018648917,2022-11-27,5048.04,"CROSS BORDER RISK",LOW
55381759,2022-11-27,12961.29,"CROSS BORDER RISK",LOW
6744599788,2022-11-27,10362.65,"CROSS BORDER RISK",HIGH
9416949366,2022-11-27,2086.52,"CROSS BORDER RISK",LOW
8417752885,2022-11-27,4405.45,"CROSS BORDER RISK",LOW
6018648917,2022-11-27,1054.94,"CROSS BORDER RISK",LOW
5917350547,2022-11-27,6324.04,"CROSS BORDER RISK",LOW
9255943229,2022-11-27,16616.00,"CROSS BORDER RISK",LOW
6082530241,2022-11-27,4479.21,"CROSS BORDER RISK",LOW
6082530241,2022-11-27,6150.11,"CROSS BORDER RISK",LOW
5917350547,2022-11-27,8527.47,"CROSS BORDER RISK",LOW
1792169085,2022-11-27,31059.13,"CROSS BORDER RISK",LOW
4898931369,2022-11-28,6422.47,"CROSS BORDER RISK",LOW
5108529656,2022-11-28,1226.72,"CROSS BORDER RISK",LOW
4550948935,2022-11-28,4789.96,"CROSS BORDER RISK",MEDIUM
4594499722,2022-11-28,2578.13,"CROSS BORDER RISK",LOW
4594499722,2022-11-28,8603.81,"CROSS BORDER RISK",LOW
6744599788,2022-11-29,2277.46,"CROSS BORDER RISK",MEDIUM
818830460,2022-11-29,13904.80,"CROSS BORDER RISK",LOW
818830460,2022-11-29,4889.83,"CROSS BORDER RISK",LOW
6989271965,2022-11-29,2809.54,"CROSS BORDER RISK",LOW
1697970931,2022-11-29,7351.21,"CROSS BORDER RISK",MEDIUM
6744599788,2022-11-30,318.36,"CROSS BORDER RISK",MEDIUM
9416949366,2022-11-30,7282.39,"CROSS BORDER RISK",MEDIUM
9416949366,2022-11-30,2948.69,"CROSS BORDER RISK",LOW
6744599788,2022-11-30,2513.58,"CROSS BORDER RISK",MEDIUM
9050785104,2022-11-30,2336.78,"CROSS BORDER RISK",MEDIUM
513161146,2022-11-30,116983.72,"CROSS BORDER RISK",LOW
6018648917,2022-11-30,3082.09,"CROSS BORDER RISK",LOW
1015594108,2022-11-30,5851.97,"CROSS BORDER RISK",LOW
6989271965,2022-11-30,4496.99,"CROSS BORDER RISK",MEDIUM
9484189386,2022-11-30,4887.57,"CROSS BORDER RISK",LOW
9416949366,2022-12-01,7891.79,"CROSS BORDER RISK",MEDIUM
6018648917,2022-12-01,5053.48,"CROSS BORDER RISK",LOW
8193184390,2022-12-01,22148.99,"CROSS BORDER RISK",LOW
6598676049,2022-12-02,4448.48,"CROSS BORDER RISK",LOW
9416949366,2022-12-03,1556.33,"CROSS BORDER RISK",LOW
3141178923,2022-12-03,2863.04,"CROSS BORDER RISK",LOW
4594499722,2022-12-03,1781.84,"CROSS BORDER RISK",LOW
8094120479,2022-12-03,6300.09,"CROSS BORDER RISK",LOW
6744599788,2022-12-03,6897.05,"CROSS BORDER RISK",LOW
4020208629,2022-12-03,5227.48,"CROSS BORDER RISK",LOW
9416949366,2022-12-03,5220.21,"CROSS BORDER RISK",MEDIUM
4594499722,2022-12-04,391.19,"CROSS BORDER RISK",LOW
8942092633,2022-12-04,5695.87,"CROSS BORDER RISK",LOW
3302760648,2022-12-04,4348.07,"CROSS BORDER RISK",LOW
3239063780,2022-12-04,15391.18,"CROSS BORDER RISK",LOW
8028059135,2022-12-04,4736.97,"CROSS BORDER RISK",LOW
4814705202,2022-12-05,5697.30,"CROSS BORDER RISK",LOW
265022275,2022-12-05,21776.31,"CROSS BORDER RISK",HIGH
1669265788,2022-12-05,4687.80,"CROSS BORDER RISK",LOW
5668411164,2022-12-05,9195.62,"CROSS BORDER RISK",LOW
6018648917,2022-12-05,4316.88,"CROSS BORDER RISK",MEDIUM
7973448027,2022-12-05,321.78,"CROSS BORDER RISK",MEDIUM
3975494843,2022-12-05,14590.55,"CROSS BORDER RISK",LOW
6744599788,2022-12-05,7042.87,"CROSS BORDER RISK",MEDIUM
9986072975,2022-12-05,7089.92,"CROSS BORDER RISK",LOW
3827836542,2022-12-05,138.99,"CROSS BORDER RISK",MEDIUM
3827836542,2022-12-06,137.14,"CROSS BORDER RISK",MEDIUM
6694937673,2022-12-06,4299.36,"CROSS BORDER RISK",MEDIUM
7973448027,2022-12-06,245.99,"CROSS BORDER RISK",MEDIUM
2933339739,2022-12-06,11391.40,"CROSS BORDER RISK",HIGH
905853715,2022-12-06,4327.58,"CROSS BORDER RISK",LOW
4594499722,2022-12-06,1747.58,"CROSS BORDER RISK",LOW
8122511384,2022-12-06,75742.17,"CROSS BORDER RISK",LOW
3229111081,2022-12-06,29311.03,"CROSS BORDER RISK",LOW
821512934,2022-12-06,37923.92,"CROSS BORDER RISK",LOW
8778587933,2022-12-06,5285.66,"CROSS BORDER RISK",MEDIUM
1675743409,2022-12-06,4738.87,"CROSS BORDER RISK",LOW
3827836542,2022-12-07,181.16,"CROSS BORDER RISK",MEDIUM
3953231536,2022-12-07,10414.18,"CROSS BORDER RISK",LOW
4208029954,2022-12-07,4714.37,"CROSS BORDER RISK",LOW
651057717,2022-12-07,67099.42,"CROSS BORDER RISK",LOW
8756167682,2022-12-07,5527.38,"CROSS BORDER RISK",MEDIUM
265022275,2022-12-07,8925.70,"CROSS BORDER RISK",MEDIUM
7973448027,2022-12-07,206.27,"CROSS BORDER RISK",MEDIUM
2060128523,2022-12-07,2457.84,"CROSS BORDER RISK",LOW
3827836542,2022-12-08,85.32,"CROSS BORDER RISK",MEDIUM
3814772835,2022-12-08,4407.23,"CROSS BORDER RISK",LOW
4251149720,2022-12-08,4985.09,"CROSS BORDER RISK",LOW
3705101560,2022-12-08,60883.14,"CROSS BORDER RISK",LOW
5862382386,2022-12-08,7155.43,"CROSS BORDER RISK",LOW
4251149720,2022-12-08,3916.95,"CROSS BORDER RISK",LOW
5693138862,2022-12-08,9583.42,"CROSS BORDER RISK",LOW
7990986315,2022-12-08,5273.51,"CROSS BORDER RISK",LOW
985146395,2022-12-08,5211.09,"CROSS BORDER RISK",MEDIUM
265022275,2022-12-09,18527.78,"CROSS BORDER RISK",LOW
6520893038,2022-12-09,5754.18,"CROSS BORDER RISK",LOW
4550948935,2022-12-09,19105.70,"CROSS BORDER RISK",LOW
7434320725,2022-12-09,5170.74,"CROSS BORDER RISK",LOW
2521152088,2022-12-09,14985.04,"CROSS BORDER RISK",LOW
8094120479,2022-12-09,5298.27,"CROSS BORDER RISK",LOW
5793273539,2022-12-09,7777.07,"CROSS BORDER RISK",LOW
8068502418,2022-12-09,5420.60,"CROSS BORDER RISK",MEDIUM
6866095401,2022-12-09,141.61,"CROSS BORDER RISK",LOW
5521904664,2022-12-09,3524.03,"CROSS BORDER RISK",LOW
3827836542,2022-12-09,57.09,"CROSS BORDER RISK",MEDIUM
692686678,2022-12-09,4464.39,"CROSS BORDER RISK",LOW
4636265179,2022-12-10,5500.71,"CROSS BORDER RISK",MEDIUM
4002088310,2022-12-10,6183.83,"CROSS BORDER RISK",LOW
718745407,2022-12-10,13835.42,"CROSS BORDER RISK",LOW
7973448027,2022-12-10,342.65,"CROSS BORDER RISK",MEDIUM
6866095401,2022-12-10,156.07,"CROSS BORDER RISK",LOW
8427824617,2022-12-10,134974.74,"CROSS BORDER RISK",LOW
244832067,2022-12-10,5424.54,"CROSS BORDER RISK",LOW
1102444547,2022-12-10,4720.37,"CROSS BORDER RISK",LOW
3571423310,2022-12-10,8566.37,"CROSS BORDER RISK",LOW
2004502234,2022-12-10,2515.19,"CROSS BORDER RISK",LOW
6672138927,2022-12-10,15698.94,"CROSS BORDER RISK",LOW
2166563883,2022-12-10,6043.32,"CROSS BORDER RISK",LOW
5862382386,2022-12-10,7574.26,"CROSS BORDER RISK",LOW
3827836542,2022-12-10,116.07,"CROSS BORDER RISK",MEDIUM
7832092963,2022-12-10,4756.83,"CROSS BORDER RISK",LOW
5100061329,2022-12-10,55478.83,"CROSS BORDER RISK",LOW
6520893038,2022-12-10,6660.48,"CROSS BORDER RISK",LOW
6117816069,2022-12-11,2530.68,"CROSS BORDER RISK",LOW
5104637800,2022-12-11,51.79,"CROSS BORDER RISK",LOW
7336296513,2022-12-11,124136.75,"CROSS BORDER RISK",LOW
7263384547,2022-12-11,4486.16,"CROSS BORDER RISK",MEDIUM
5023341361,2022-12-11,19214.74,"CROSS BORDER RISK",LOW
6520893038,2022-12-11,8822.11,"CROSS BORDER RISK",LOW
3799325124,2022-12-11,5418.38,"CROSS BORDER RISK",LOW
7443354461,2022-12-11,5462.89,"CROSS BORDER RISK",MEDIUM
3722911464,2022-12-11,7227.31,"CROSS BORDER RISK",MEDIUM
6866095401,2022-12-11,189.37,"CROSS BORDER RISK",LOW
6406723714,2022-12-11,4037.49,"CROSS BORDER RISK",MEDIUM
9965419082,2022-12-12,9442.51,"CROSS BORDER RISK",LOW
6724392743,2022-12-12,19851.81,"CROSS BORDER RISK",LOW
4055968047,2022-12-12,3659.67,"CROSS BORDER RISK",LOW
2482701161,2022-12-12,3399.15,"CROSS BORDER RISK",LOW
5403364143,2022-12-12,2791.65,"CROSS BORDER RISK",LOW
5803562064,2022-12-12,7584.01,"CROSS BORDER RISK",LOW
5994298151,2022-12-12,74470.14,"CROSS BORDER RISK",CRITICAL
9210556116,2022-12-12,54124.40,"CROSS BORDER RISK",LOW
1132467225,2022-12-12,2554.20,"CROSS BORDER RISK",LOW
5617187360,2022-12-12,112989.47,"CROSS BORDER RISK",LOW
6866095401,2022-12-12,196.60,"CROSS BORDER RISK",LOW
9050785104,2022-12-12,3116.06,"CROSS BORDER RISK",LOW
2929456907,2022-12-12,50170.17,"CROSS BORDER RISK",LOW
7905216304,2022-12-12,5202.84,"CROSS BORDER RISK",MEDIUM
5104637800,2022-12-12,119.95,"CROSS BORDER RISK",LOW
8128089177,2022-12-12,5255.25,"CROSS BORDER RISK",LOW
2390385700,2022-12-12,3708.46,"CROSS BORDER RISK",MEDIUM
954553425,2022-12-12,5204.19,"CROSS BORDER RISK",LOW
6042344622,2022-12-12,6034.70,"CROSS BORDER RISK",LOW
265022275,2022-12-13,23905.14,"CROSS BORDER RISK",LOW
6866095401,2022-12-13,267.26,"CROSS BORDER RISK",LOW
296605000,2022-12-13,20966.54,"CROSS BORDER RISK",LOW
5104637800,2022-12-13,148.40,"CROSS BORDER RISK",LOW
3919593175,2022-12-13,4599.56,"CROSS BORDER RISK",MEDIUM
7444660050,2022-12-13,30003.44,"CROSS BORDER RISK",LOW
5793273539,2022-12-13,9012.14,"CROSS BORDER RISK",LOW
3990611901,2022-12-13,5325.41,"CROSS BORDER RISK",LOW
5200424058,2022-12-13,4489.75,"CROSS BORDER RISK",LOW
5872542769,2022-12-13,4481.47,"CROSS BORDER RISK",MEDIUM
1769648203,2022-12-13,24593.25,"CROSS BORDER RISK",HIGH
9310436713,2022-12-13,62955.79,"CROSS BORDER RISK",LOW
4251149720,2022-12-13,20944.34,"CROSS BORDER RISK",LOW
9310436713,2022-12-13,21846.26,"CROSS BORDER RISK",LOW
4251149720,2022-12-13,13526.92,"CROSS BORDER RISK",LOW
6986759835,2022-12-13,3748.69,"CROSS BORDER RISK",LOW
9795472752,2022-12-13,3466.11,"CROSS BORDER RISK",LOW
6631881018,2022-12-13,5558.96,"CROSS BORDER RISK",MEDIUM
4204086745,2022-12-13,6729.92,"CROSS BORDER RISK",LOW
8173887384,2022-12-13,7390.62,"CROSS BORDER RISK",LOW
7745550709,2022-12-13,2541.34,"CROSS BORDER RISK",LOW
8795102172,2022-12-13,100935.62,"CROSS BORDER RISK",LOW
7089073424,2022-12-13,3635.61,"CROSS BORDER RISK",LOW
7253035220,2022-12-13,6281.00,"CROSS BORDER RISK",LOW
5104637800,2022-12-14,115.40,"CROSS BORDER RISK",LOW
2420393246,2022-12-14,1223.57,"CROSS BORDER RISK",LOW
3544715458,2022-12-14,6977.06,"CROSS BORDER RISK",LOW
9268139431,2022-12-14,235.79,"CROSS BORDER RISK",LOW
7860334742,2022-12-14,3520.75,"CROSS BORDER RISK",LOW
8340949665,2022-12-14,3979.32,"CROSS BORDER RISK",MEDIUM
9792625103,2022-12-14,5411.62,"CROSS BORDER RISK",MEDIUM
5862382386,2022-12-14,14133.41,"CROSS BORDER RISK",LOW
5576849137,2022-12-14,3695.85,"CROSS BORDER RISK",LOW
934071139,2022-12-14,3638.46,"CROSS BORDER RISK",LOW
9377924130,2022-12-14,90199.00,"CROSS BORDER RISK",LOW
6219252225,2022-12-14,6166.88,"CROSS BORDER RISK",LOW
9033402837,2022-12-14,2475.60,"CROSS BORDER RISK",LOW
4251149720,2022-12-14,11137.45,"CROSS BORDER RISK",LOW
6663936621,2022-12-14,5352.43,"CROSS BORDER RISK",LOW
288448161,2022-12-14,5195.42,"CROSS BORDER RISK",LOW
8108846158,2022-12-14,2733.71,"CROSS BORDER RISK",LOW
6866095401,2022-12-14,193.55,"CROSS BORDER RISK",LOW
7222999901,2022-12-14,14085.29,"CROSS BORDER RISK",LOW
5793273539,2022-12-14,941.26,"CROSS BORDER RISK",LOW
8173887384,2022-12-14,5124.29,"CROSS BORDER RISK",LOW
1180835223,2022-12-14,4445.65,"CROSS BORDER RISK",MEDIUM
5793273539,2022-12-15,1169.09,"CROSS BORDER RISK",LOW
5243611436,2022-12-15,3805.14,"CROSS BORDER RISK",MEDIUM
3271932481,2022-12-15,315033.80,"CROSS BORDER RISK",LOW
7192588619,2022-12-15,2143.25,"CROSS BORDER RISK",LOW
1572292180,2022-12-15,4250.98,"CROSS BORDER RISK",MEDIUM
3965420554,2022-12-15,5522.11,"CROSS BORDER RISK",LOW
8173887384,2022-12-15,7318.89,"CROSS BORDER RISK",MEDIUM
7192588619,2022-12-15,2400.27,"CROSS BORDER RISK",LOW
4192345805,2022-12-15,3670.84,"CROSS BORDER RISK",LOW
3722911464,2022-12-15,7358.48,"CROSS BORDER RISK",LOW
8470477504,2022-12-15,10486.09,"CROSS BORDER RISK",HIGH
1176466153,2022-12-15,2402.83,"CROSS BORDER RISK",LOW
6520893038,2022-12-15,9417.28,"CROSS BORDER RISK",LOW
6866095401,2022-12-15,79.44,"CROSS BORDER RISK",LOW
385607711,2022-12-15,83373.08,"CROSS BORDER RISK",LOW
1491989064,2022-10-07,6019.64,"CROSS BORDER RISK",LOW
7017008854,2022-10-07,1971.15,"CROSS BORDER RISK",LOW
2047410771,2022-10-07,8110.72,"CROSS BORDER RISK",LOW
4473647189,2022-10-07,11957.87,"CROSS BORDER RISK",LOW
1203252958,2022-10-07,2438.30,"CROSS BORDER RISK",LOW
3510078932,2022-10-07,8067.61,"CROSS BORDER RISK",MEDIUM
7207395469,2022-10-07,7592.37,"CROSS BORDER RISK",LOW
9334364016,2022-10-07,5230.59,"CROSS BORDER RISK",LOW
5931838828,2022-10-07,16594.14,"CROSS BORDER RISK",LOW
283212952,2022-10-07,9071.89,"CROSS BORDER RISK",MEDIUM
1817675963,2022-10-07,14554.35,"CROSS BORDER RISK",LOW
9390718271,2022-10-07,99.16,"CROSS BORDER RISK",LOW
3712660061,2022-10-07,23161.44,"CROSS BORDER RISK",LOW
1491989064,2022-10-07,12782.41,"CROSS BORDER RISK",LOW
6596655355,2022-10-07,444.73,"CROSS BORDER RISK",LOW
4358383639,2022-10-07,7696.15,"CROSS BORDER RISK",LOW
128336607,2022-10-07,9544.33,"CROSS BORDER RISK",LOW
7837354873,2022-10-07,7944.21,"CROSS BORDER RISK",LOW
2196677893,2022-10-07,11320.86,"CROSS BORDER RISK",LOW
7501327339,2022-10-07,5060.59,"CROSS BORDER RISK",LOW
5263982631,2022-10-07,27479.44,"CROSS BORDER RISK",LOW
4121324384,2022-10-07,4619.17,"CROSS BORDER RISK",LOW
4231385822,2022-10-07,1485.42,"CROSS BORDER RISK",LOW
4344759414,2022-10-07,10105.53,"CROSS BORDER RISK",LOW
5021785800,2022-10-07,4376.53,"CROSS BORDER RISK",LOW
4696164729,2022-10-07,1673.70,"CROSS BORDER RISK",LOW
7155736136,2022-10-07,5731.77,"CROSS BORDER RISK",LOW
3510078932,2022-10-07,5906.31,"CROSS BORDER RISK",LOW
8389148416,2022-10-07,23582.14,"CROSS BORDER RISK",LOW
4121324384,2022-10-07,22158.31,"CROSS BORDER RISK",LOW
5185442451,2022-10-07,331.96,"CROSS BORDER RISK",LOW
846554893,2022-10-07,1039.74,"CROSS BORDER RISK",LOW
2832385272,2022-10-07,9139.94,"CROSS BORDER RISK",LOW
6653699393,2022-10-07,522.82,"CROSS BORDER RISK",LOW
3394889318,2022-10-07,7868.97,"CROSS BORDER RISK",LOW
264095857,2022-10-07,13447.86,"CROSS BORDER RISK",LOW
5021785800,2022-10-07,4377.04,"CROSS BORDER RISK",LOW
8203229522,2022-10-07,11347.74,"CROSS BORDER RISK",HIGH
2047410771,2022-10-07,8045.75,"CROSS BORDER RISK",LOW
4121324384,2022-10-07,11152.40,"CROSS BORDER RISK",LOW
7466302779,2022-10-07,12071.82,"CROSS BORDER RISK",HIGH
420570262,2022-10-07,6172.91,"CROSS BORDER RISK",MEDIUM
8987848252,2022-10-07,8780.89,"CROSS BORDER RISK",LOW
1491989064,2022-10-07,6037.94,"CROSS BORDER RISK",LOW
4121324384,2022-10-07,18207.77,"CROSS BORDER RISK",LOW
6127913747,2022-10-07,18066.71,"CROSS BORDER RISK",LOW
8203229522,2022-10-07,4464.97,"CROSS BORDER RISK",LOW
5470113126,2022-10-07,8688.28,"CROSS BORDER RISK",LOW
3336234389,2022-10-07,7701.13,"CROSS BORDER RISK",LOW
9508689417,2022-10-07,7450.71,"CROSS BORDER RISK",MEDIUM
4353995266,2022-10-07,5171.09,"CROSS BORDER RISK",LOW
14539122,2022-10-07,6155.14,"CROSS BORDER RISK",LOW
8572039029,2022-10-07,10266.88,"CROSS BORDER RISK",LOW
733430828,2022-10-07,5916.09,"CROSS BORDER RISK",LOW
8523021855,2022-10-07,13499.54,"CROSS BORDER RISK",LOW
6495167395,2022-10-07,3229.54,"CROSS BORDER RISK",MEDIUM
6984051591,2022-10-07,7873.32,"CROSS BORDER RISK",LOW
8898696157,2022-10-07,10081.78,"CROSS BORDER RISK",LOW
4077353464,2022-10-07,6164.09,"CROSS BORDER RISK",MEDIUM
3614082527,2022-10-07,8349.21,"CROSS BORDER RISK",MEDIUM
2299676190,2022-10-07,5899.62,"CROSS BORDER RISK",LOW
6070936942,2022-10-07,442.70,"CROSS BORDER RISK",LOW
1139132462,2022-10-07,10753.03,"CROSS BORDER RISK",LOW
2498232404,2022-10-07,6455.70,"CROSS BORDER RISK",LOW
8203229522,2022-10-07,4368.21,"CROSS BORDER RISK",LOW
7877700106,2022-10-07,25336.71,"CROSS BORDER RISK",LOW
7746906760,2022-10-07,927.49,"CROSS BORDER RISK",LOW
27721201,2022-10-07,3459.89,"CROSS BORDER RISK",LOW
5354297720,2022-10-07,8519.10,"CROSS BORDER RISK",LOW
6086421020,2022-10-07,11280.89,"CROSS BORDER RISK",LOW
1915450576,2022-10-07,11045.68,"CROSS BORDER RISK",LOW
3567089560,2022-10-07,6623.92,"CROSS BORDER RISK",LOW
8413340671,2022-10-07,6691.95,"CROSS BORDER RISK",LOW
8147726877,2022-10-07,11952.02,"CROSS BORDER RISK",LOW
9880098011,2022-10-07,16738.96,"CROSS BORDER RISK",LOW
1182528804,2022-10-07,12424.26,"CROSS BORDER RISK",LOW
1150155424,2022-10-07,4897.93,"CROSS BORDER RISK",LOW
3108280261,2022-10-07,8094.26,"CROSS BORDER RISK",LOW
3510078932,2022-10-07,8061.51,"CROSS BORDER RISK",MEDIUM
3615998000,2022-10-07,339.59,"CROSS BORDER RISK",LOW
5706877708,2022-10-07,9204.78,"CROSS BORDER RISK",LOW
9136318143,2022-10-07,7200.80,"CROSS BORDER RISK",LOW
4121324384,2022-10-07,9627.19,"CROSS BORDER RISK",LOW
5263982631,2022-10-07,27492.73,"CROSS BORDER RISK",LOW
7385540908,2022-10-07,23282.12,"CROSS BORDER RISK",LOW
8942092633,2022-10-07,85.91,"CROSS BORDER RISK",LOW
4121324384,2022-10-07,8452.53,"CROSS BORDER RISK",LOW
8523021855,2022-10-07,13405.10,"CROSS BORDER RISK",LOW
5955159897,2022-10-07,13325.37,"CROSS BORDER RISK",LOW
1929116626,2022-10-07,24469.22,"CROSS BORDER RISK",LOW
198403508,2022-10-07,4560.82,"CROSS BORDER RISK",LOW
8212330109,2022-10-07,5412.81,"CROSS BORDER RISK",LOW
1220646142,2022-10-07,7759.82,"CROSS BORDER RISK",LOW
6141403326,2022-10-07,4966.06,"CROSS BORDER RISK",MEDIUM
8987848252,2022-10-07,10024.19,"CROSS BORDER RISK",LOW
8413340671,2022-10-07,6689.59,"CROSS BORDER RISK",LOW
4121324384,2022-10-07,10781.30,"CROSS BORDER RISK",LOW
5021785800,2022-10-07,12703.36,"CROSS BORDER RISK",LOW
1915450576,2022-10-07,11173.36,"CROSS BORDER RISK",LOW
127154492,2022-10-07,5048.04,"CROSS BORDER RISK",MEDIUM
6877733892,2022-10-07,4016.43,"CROSS BORDER RISK",LOW
6988928906,2022-10-07,8598.60,"CROSS BORDER RISK",LOW
1817675963,2022-10-07,14309.19,"CROSS BORDER RISK",LOW
8465013530,2022-10-07,16768.39,"CROSS BORDER RISK",LOW
3168051873,2022-10-07,4298.88,"CROSS BORDER RISK",LOW
8121014003,2022-10-07,6451.27,"CROSS BORDER RISK",LOW
5264015348,2022-10-07,8451.63,"CROSS BORDER RISK",LOW
7391973347,2022-10-07,118.83,"CROSS BORDER RISK",LOW
6630041445,2022-10-07,12801.57,"CROSS BORDER RISK",LOW
9508689417,2022-10-07,7367.11,"CROSS BORDER RISK",MEDIUM
1378784400,2022-10-07,4968.61,"CROSS BORDER RISK",LOW
8523021855,2022-10-07,13176.52,"CROSS BORDER RISK",LOW
7501327339,2022-10-07,5068.46,"CROSS BORDER RISK",LOW
7788310039,2022-10-07,10634.57,"CROSS BORDER RISK",HIGH
6764548823,2022-10-07,6673.92,"CROSS BORDER RISK",LOW
7965472676,2022-10-07,5395.01,"CROSS BORDER RISK",LOW
2972193348,2022-10-07,6399.51,"CROSS BORDER RISK",MEDIUM
6086421020,2022-10-07,11299.14,"CROSS BORDER RISK",LOW
6541552727,2022-10-07,6868.28,"CROSS BORDER RISK",MEDIUM
6916264887,2022-10-07,6721.51,"CROSS BORDER RISK",LOW
5714926472,2022-10-07,5137.39,"CROSS BORDER RISK",LOW
5470113126,2022-10-07,8919.78,"CROSS BORDER RISK",LOW
3510078932,2022-10-07,7037.43,"CROSS BORDER RISK",LOW
6086421020,2022-10-07,23977.34,"CROSS BORDER RISK",LOW
4344759414,2022-10-07,10179.93,"CROSS BORDER RISK",LOW
2601687073,2022-10-07,9088.05,"CROSS BORDER RISK",LOW
8121014003,2022-10-07,6412.57,"CROSS BORDER RISK",LOW
3255044891,2022-10-07,782.24,"CROSS BORDER RISK",LOW
6456964355,2022-10-07,5664.27,"CROSS BORDER RISK",LOW
4121324384,2022-10-07,18469.73,"CROSS BORDER RISK",LOW
6630041445,2022-10-07,12910.74,"CROSS BORDER RISK",LOW
4121324384,2022-10-07,8552.05,"CROSS BORDER RISK",LOW
1226944129,2022-10-07,13085.62,"CROSS BORDER RISK",LOW
4121324384,2022-10-07,6494.05,"CROSS BORDER RISK",LOW
8389148416,2022-10-07,23159.96,"CROSS BORDER RISK",LOW
5264015348,2022-10-07,8535.66,"CROSS BORDER RISK",LOW
9599009457,2022-10-07,6214.34,"CROSS BORDER RISK",LOW
6117648350,2022-10-07,995.39,"CROSS BORDER RISK",LOW
7367118749,2022-10-07,1428.60,"CROSS BORDER RISK",LOW
3952347143,2022-10-07,8773.04,"CROSS BORDER RISK",LOW
8572039029,2022-10-07,10280.08,"CROSS BORDER RISK",LOW
5931838828,2022-10-07,16195.44,"CROSS BORDER RISK",LOW
7758268667,2022-10-07,16625.96,"CROSS BORDER RISK",HIGH
4121324384,2022-10-07,8567.20,"CROSS BORDER RISK",LOW
5263982631,2022-10-07,27378.48,"CROSS BORDER RISK",LOW
1030692910,2022-10-07,47306.32,"CROSS BORDER RISK",LOW
3325888911,2022-10-07,5827.84,"CROSS BORDER RISK",LOW
8212330109,2022-10-07,5399.53,"CROSS BORDER RISK",LOW
7466302779,2022-10-07,12215.92,"CROSS BORDER RISK",HIGH
9490679180,2022-10-07,6712.96,"CROSS BORDER RISK",MEDIUM
4121324384,2022-10-07,22306.49,"CROSS BORDER RISK",LOW
264095857,2022-10-07,13455.79,"CROSS BORDER RISK",LOW
5021785800,2022-10-07,4395.54,"CROSS BORDER RISK",LOW
2196677893,2022-10-07,11536.49,"CROSS BORDER RISK",LOW
5753088795,2022-10-07,10941.87,"CROSS BORDER RISK",LOW
4526673525,2022-10-07,6796.17,"CROSS BORDER RISK",LOW
4781791357,2022-10-07,13697.47,"CROSS BORDER RISK",LOW
4164568754,2022-10-07,31613.70,"CROSS BORDER RISK",LOW
3952347143,2022-10-07,8737.25,"CROSS BORDER RISK",LOW
3941982399,2022-10-07,2210.55,"CROSS BORDER RISK",LOW
7155736136,2022-10-07,5691.63,"CROSS BORDER RISK",LOW
9938221650,2022-10-07,6706.92,"CROSS BORDER RISK",LOW
5844004044,2022-10-07,1386.38,"CROSS BORDER RISK",LOW
6380185082,2022-10-07,4544.74,"CROSS BORDER RISK",LOW
892793859,2022-10-07,1652.65,"CROSS BORDER RISK",LOW
2603494478,2022-10-07,9170.73,"CROSS BORDER RISK",LOW
6086421020,2022-10-07,24077.58,"CROSS BORDER RISK",LOW
5262790133,2022-10-07,435.62,"CROSS BORDER RISK",LOW
4121839534,2022-10-07,2570.55,"CROSS BORDER RISK",LOW
9053053995,2022-10-07,5672.42,"CROSS BORDER RISK",LOW
8572039029,2022-10-07,10196.94,"CROSS BORDER RISK",LOW
3510078932,2022-10-07,8071.30,"CROSS BORDER RISK",MEDIUM
5392755044,2022-10-07,3611.40,"CROSS BORDER RISK",LOW
602348327,2022-10-07,7444.25,"CROSS BORDER RISK",LOW
4177861783,2022-10-07,11274.18,"CROSS BORDER RISK",LOW
2477803987,2022-10-07,55652.05,"CROSS BORDER RISK",CRITICAL
6650635027,2022-10-07,84.14,"CROSS BORDER RISK",LOW
7965472676,2022-10-07,5429.86,"CROSS BORDER RISK",LOW
9287589980,2022-10-07,5974.06,"CROSS BORDER RISK",MEDIUM
5083667611,2022-10-07,20909.15,"CROSS BORDER RISK",LOW
4164568754,2022-10-07,32122.28,"CROSS BORDER RISK",LOW
637737742,2022-10-07,1341.21,"CROSS BORDER RISK",LOW
6313053040,2022-10-07,487.78,"CROSS BORDER RISK",LOW
5028744894,2022-10-07,61023.46,"CROSS BORDER RISK",LOW
9334364016,2022-10-07,5255.05,"CROSS BORDER RISK",LOW
3149859158,2022-10-07,4993.70,"CROSS BORDER RISK",LOW
7669236826,2022-10-07,7413.01,"CROSS BORDER RISK",LOW
4721051060,2022-10-07,3179.44,"CROSS BORDER RISK",LOW
190346689,2022-10-07,6457.15,"CROSS BORDER RISK",MEDIUM
5706877708,2022-10-07,9277.62,"CROSS BORDER RISK",LOW
4307480727,2022-10-07,765.96,"CROSS BORDER RISK",LOW
9533240429,2022-10-07,549.77,"CROSS BORDER RISK",LOW
3336234389,2022-10-07,7777.73,"CROSS BORDER RISK",LOW
1976727841,2022-10-07,11266.24,"CROSS BORDER RISK",LOW
2299676190,2022-10-07,5881.57,"CROSS BORDER RISK",LOW
1749781869,2022-10-07,19358.85,"CROSS BORDER RISK",LOW
8456279067,2022-10-07,9794.00,"CROSS BORDER RISK",LOW
461573471,2022-10-07,1961.38,"CROSS BORDER RISK",MEDIUM
1009483043,2022-10-07,3720.32,"CROSS BORDER RISK",LOW
7227951716,2022-10-07,1863.64,"CROSS BORDER RISK",LOW
445337741,2022-10-07,5739.17,"CROSS BORDER RISK",LOW
3336234389,2022-10-07,7748.22,"CROSS BORDER RISK",LOW
3510078932,2022-10-07,8658.96,"CROSS BORDER RISK",LOW
6086421020,2022-10-07,11446.68,"CROSS BORDER RISK",LOW
1491989064,2022-10-07,12748.05,"CROSS BORDER RISK",LOW
7367118749,2022-10-07,1430.75,"CROSS BORDER RISK",LOW
6988928906,2022-10-07,8550.99,"CROSS BORDER RISK",LOW
582717708,2022-10-07,17599.85,"CROSS BORDER RISK",LOW
8987848252,2022-10-07,8819.10,"CROSS BORDER RISK",LOW
1491989064,2022-10-07,6066.90,"CROSS BORDER RISK",LOW
7044608957,2022-10-07,1270.82,"CROSS BORDER RISK",LOW
8203229522,2022-10-07,11276.48,"CROSS BORDER RISK",HIGH
1265983749,2022-10-07,2069.64,"CROSS BORDER RISK",LOW
1182528804,2022-10-07,12544.40,"CROSS BORDER RISK",LOW
1226944129,2022-10-07,13528.29,"CROSS BORDER RISK",LOW
9599009457,2022-10-07,9753.24,"CROSS BORDER RISK",LOW
8212330109,2022-10-07,5450.85,"CROSS BORDER RISK",LOW
897254603,2022-10-07,2994.33,"CROSS BORDER RISK",LOW
4331853125,2022-10-07,18837.23,"CROSS BORDER RISK",LOW
8617561409,2022-10-07,432.16,"CROSS BORDER RISK",LOW
8166392165,2022-10-07,5355.35,"CROSS BORDER RISK",LOW
6916264887,2022-10-07,6568.91,"CROSS BORDER RISK",LOW
5982914936,2022-10-07,7911.36,"CROSS BORDER RISK",LOW
8465703037,2022-10-07,14088.24,"CROSS BORDER RISK",HIGH
5813296620,2022-10-07,4477.03,"CROSS BORDER RISK",LOW
3792189465,2022-10-07,5428.45,"CROSS BORDER RISK",LOW
5395605156,2022-10-07,203.19,"CROSS BORDER RISK",LOW
3510078932,2022-10-07,7079.88,"CROSS BORDER RISK",LOW
3442075999,2022-10-07,29850.09,"CROSS BORDER RISK",LOW
229007460,2022-10-07,673.61,"CROSS BORDER RISK",LOW
4672757647,2022-10-07,8453.32,"CROSS BORDER RISK",LOW
2173103945,2022-10-07,5395.33,"CROSS BORDER RISK",LOW
3510078932,2022-10-07,8713.09,"CROSS BORDER RISK",LOW
3614082527,2022-10-07,5457.70,"CROSS BORDER RISK",LOW
3023037899,2022-10-07,31667.00,"CROSS BORDER RISK",HIGH
4055431970,2022-10-07,16647.83,"CROSS BORDER RISK",LOW
9579837699,2022-10-07,5881.33,"CROSS BORDER RISK",LOW
7155736136,2022-10-07,5736.64,"CROSS BORDER RISK",LOW
1378784400,2022-10-07,4935.58,"CROSS BORDER RISK",LOW
2196677893,2022-10-07,11416.75,"CROSS BORDER RISK",LOW
9334364016,2022-10-07,5158.10,"CROSS BORDER RISK",LOW
9599009457,2022-10-07,9945.27,"CROSS BORDER RISK",LOW
1220646142,2022-10-07,7737.64,"CROSS BORDER RISK",LOW
3567089560,2022-10-07,6528.26,"CROSS BORDER RISK",LOW
7155736136,2022-10-07,5712.75,"CROSS BORDER RISK",LOW
5550354567,2022-10-07,7785.78,"CROSS BORDER RISK",LOW
4121324384,2022-10-07,22084.81,"CROSS BORDER RISK",LOW
8987848252,2022-10-07,10011.35,"CROSS BORDER RISK",LOW
4358383639,2022-10-07,7621.27,"CROSS BORDER RISK",LOW
1982710669,2022-10-07,7121.93,"CROSS BORDER RISK",LOW
9490679180,2022-10-07,6656.76,"CROSS BORDER RISK",MEDIUM
6716795265,2022-10-07,2147.23,"CROSS BORDER RISK",MEDIUM
2047410771,2022-10-07,8056.52,"CROSS BORDER RISK",LOW
4117755003,2022-10-07,8591.01,"CROSS BORDER RISK",LOW
5218904199,2022-10-07,6637.91,"CROSS BORDER RISK",LOW
3580636597,2022-10-07,7524.92,"CROSS BORDER RISK",MEDIUM
6630578269,2022-10-07,2026.85,"CROSS BORDER RISK",LOW
4121324384,2022-10-07,8547.67,"CROSS BORDER RISK",LOW
4164568754,2022-10-07,32233.20,"CROSS BORDER RISK",LOW
7143010173,2022-10-07,5246.41,"CROSS BORDER RISK",LOW
5706877708,2022-10-07,9184.01,"CROSS BORDER RISK",LOW
4121324384,2022-10-07,4438.45,"CROSS BORDER RISK",LOW
1220646142,2022-10-07,7829.92,"CROSS BORDER RISK",LOW
1300794618,2022-10-07,7803.02,"CROSS BORDER RISK",LOW
1491989064,2022-10-07,4404.09,"CROSS BORDER RISK",LOW
1382495057,2022-10-07,33973.78,"CROSS BORDER RISK",LOW
5354297720,2022-10-07,8513.62,"CROSS BORDER RISK",LOW
9334364016,2022-10-07,5174.64,"CROSS BORDER RISK",LOW
7837354873,2022-10-07,7818.14,"CROSS BORDER RISK",LOW
8282676132,2022-10-07,4672.59,"CROSS BORDER RISK",LOW
9387530683,2022-10-07,424.58,"CROSS BORDER RISK",LOW
3023037899,2022-10-07,31417.99,"CROSS BORDER RISK",HIGH
1060260852,2022-10-07,3620.65,"CROSS BORDER RISK",LOW
